"title","price","beds","baths","size","details","time"
"فيلا للبيع في شارع الأمير متعب بن عبدالعزيز ، حي الربوة ، الرياض ، الرياض","1,150,000 ريال","5","4","500 م²","فيلا للبيع في شارع الأمير متعب بن عبدالعزيز ، حي الربوة ، الرياض ، الرياضقبل 7 ساعة1,150,000 ريال500 م²4 5 فيلا حي الربوة من أفضل أحياء الشرق 
٥٠٠م شارع ١٥م شرقي 
مفصولة دورين 
مجددة من الداخل
السوم مليون 
الحد مليون و١٥٠ألف 
الموقع غير دقيق 
***عندنا مختلف العروض والحمدلله ***
فلل وأراضي تجارية وسكنية وبلكات وخام وعمائر ومزارع ومحطات 
 ونقدم للملاك  تس...   حي الربوة - الرياض","قبل 7 ساعة"
"فيلا للبيع في طريق النهضة ، حي الربوة ، الرياض ، الرياض","5,000,000 ريال","4","5","1400 م²","فيلا للبيع في طريق النهضة ، حي الربوة ، الرياض ، الرياضقبل ساعة5,000,000 ريال1400 م²5 4 السامي للعقارات 
٠٥٥٦١٠٠٦٨٧   حي الربوة - الرياض","قبل ساعة"
"فيلا للبيع في طريق النهضة ، حي الربوة ، الرياض ، الرياض","1,550,000 ريال","5","5","562 م²","فيلا للبيع في طريق النهضة ، حي الربوة ، الرياض ، الرياضقبل 7 ساعة1,550,000 ريال562 م²5 5 أرض عليها فيلا قديمة 
الموقع متميز 
حي القصور
 شرق شارع الأحساء خلف مكتبة جرير واسواق التميمي .
 منطقة قصور راقية وجميع الخدمات مكتملة
المساحة ٥٦٢ متر
شارعين غربي ٢٠ وشمالي ١٠ 
الصك شامل محدث
مفصولة دورين الدور الارضي مؤجر.
السوم مليون وخمس...   حي الربوة - الرياض","قبل 7 ساعة"
"احجز فيلا في مشروع واحة الدمام","698,995 ريال","4","5","335 م²","احجز فيلا في مشروع واحة الدمامإعلان698,995 ريال335 م²5 4 اشتري اليوم ولك خصم من 30 الف ريال و حتى 75 الف ريال
مشروع واحة الدمام سكنك المثالي لجودة حياة متميزة 
 يتكون مشروع واحة الدمام من 2341 وحدة
سكنية عبارة عن فلل منفصلة 
مكونة من طابقين ودور علوي بهما من 4 إلى 5 غرف نوم بطراز متميز وتصاميم متعددة 
و...   حي الشرق - الدمام",""
"فيلا للبيع في شارع محمد بن عتيق ، حي الفاروق ، الرياض ، الرياض","850,000 ريال","5","5","500 م²","فيلا للبيع في شارع محمد بن عتيق ، حي الفاروق ، الرياض ، الرياضقبل ساعة850,000 ريال500 م²5 5 فلة دورين قديمة لكن نظيفة جدا
الدور الاول مؤجر
موضح التفاصيل بالصور والله الموفق
ملاحظه هامه
ارجو إبلاغي عند اتمام البيع لدفع عمولة الموقع لحفظ الحقوق وبراءة الذمة   حي الفاروق - الرياض","قبل ساعة"
"فيلا للبيع في شارع ام يونس ، حي جرير ، الرياض ، الرياض","1,275,000 ريال","1","1","296 م²","فيلا للبيع في شارع ام يونس ، حي جرير ، الرياض ، الرياضقبل 7 ساعة1,275,000 ريال296 م²1 1 للبيع فيلا  دور ودور وشقه  بالملز
-الدور الارضي 4 غرف وصالة و ثلاث حمامات و مطبخ و حوش و كراج سيارة و غرفة سائق.
-الدور الأول 4 غرف و صالة و 3 حمامات و مطبخ.
-الدور الثاني غرفتين و صالة و حمام و مطبخ و سطح.
-المساحة 296 متر
-العمر 6 سنوات
- عليها قرض...   حي جرير - الرياض","قبل 7 ساعة"
"فيلا للبيع في شارع الامير محمد بن سعود بن فيصل ، حي الخالدية ، الرياض ، الرياض","1,600,000 ريال","1","1","735 م²","فيلا للبيع في شارع الامير محمد بن سعود بن فيصل ، حي الخالدية ، الرياض ، الرياضقبل 7 ساعة1,600,000 ريال735 م²1 1 للبيع. فيلا دبلكس مساحه٧٣٥متر
كل نصف دبلكس٣٦٧متر يتكون من دور. دور. شقة..
والنصف الدبلكس الثان ٣٦٧متر يتكون دور وثلاث شقق
العمر١٩سنه
شارع ٣٠ تجاري
حي الخالدية الرياض
والبيع مليون و٦٠٠ الف للجميع للصامل
0500251524 
يسعدنا تسويق عقاراتكم   حي الخالدية - الرياض","قبل 7 ساعة"
"فيلا للبيع في شارع ابن باديس ، حي الربوة ، الرياض ، الرياض","6,500,000 ريال","5","5","1048 م²","فيلا للبيع في شارع ابن باديس ، حي الربوة ، الرياض ، الرياضقبل ساعتين6,500,000 ريال1048 م²5 5 مواصفات الفيلا في حي الربوة 
مساحة الأرض : ١٠٤٨ 
شارع جنوبي
المباني:
قبو ١٢٠
ارضي ٣٨٤
دور اول ٤٠٠
سطح ٨٣
التوزيع:
الأرضي: مجلس نساء، مجلس رجال، سفرة، صالة عائلية، مطبخ نظيف ، و مطبخ رئيسي + مخزن. 
الدور الاول: ٥ غرف مع  الحمامات، صالة عائلية + مخرن. ...   حي الربوة - الرياض","قبل ساعتين"
"فيلا للبيع في شارع ابي الفضائل العبادي ، حي جرير ، الرياض ، الرياض","1,400,000 ريال","5","4","714 م²","فيلا للبيع في شارع ابي الفضائل العبادي ، حي جرير ، الرياض ، الرياضقبل ساعتين1,400,000 ريال714 م²4 5 فيلا للبيع في شارع ابي الفضائل العبادي ، حي جرير ، 
الواجهة غربيه 
الدور السفلي يوجد فيه صالتين ومطبخ وثلاث غرف وحمامان ، الدور العلوي خمس غرف وصاله وحمامان ، السطح غرفه خادمه وحمام 
جميع الغرف واسعه 
يوجد حوش كبير وحديقه، ومضله لسياره ، وملاحق خارجي...   حي جرير - الرياض","قبل ساعتين"
"فيلا للبيع في شارع يحيى السرقسطى ، حي المنصورة ، الرياض ، الرياض","2,600,000 ريال","5","5","750 م²","فيلا للبيع في شارع يحيى السرقسطى ، حي المنصورة ، الرياض ، الرياضقبل 5 ساعة2,600,000 ريال750 م²5 5 عزيزي العميل الفيلا  الي بالصورة انباعت في فيلا مشابهه  لها  والعميل الذي يريد شي مشابه لها في مساحة أكبر ٧٥٠  بس دور وخمس شقق وليس  ثلاث شقق  شغل شخصي  للجادين فقط التواصل مكتب باغي الخير للعقارات 0555300886 السعر قابل للتفاوض   حي المنصورة - الرياض","قبل 5 ساعة"
"فيلا للبيع في شارع النبهانية ، حي الربوة ، الرياض ، الرياض","5,500,000 ريال","7","5","562 م²","فيلا للبيع في شارع النبهانية ، حي الربوة ، الرياض ، الرياضقبل 9 ساعة5,500,000 ريال562 م²5 7 للبيع فيلا فاخره مع شقتين 
حي الزهراء 
بالقرب من شارع الاحساء
⭐️ منطقة قصور راقيه وجميع الخدمات مكتمله 
المساحه 562.50 م
الارضي:
مجلس رجال ومجلس نساء نظام مودرن،
2 دورة مياه 
الاول :
4 غرف ، 4 دورات مياه  ، جلسه
الملحق:
2 شقه ، المطبخ منفصل ، 3 ...   حي الربوة - الرياض","قبل 9 ساعة"
"فيلا للبيع في شارع ثابت بن يسار ، حي الربوة ، الرياض ، الرياض","1,500,000 ريال","5","3","550 م²","فيلا للبيع في شارع ثابت بن يسار ، حي الربوة ، الرياض ، الرياضقبل 3 ساعة1,500,000 ريال550 م²3 5 للبيــــــــع فيلا درج صاله بحي الربوه زاويه 
مساحه ٥٥٠م
شوارع ١٢م جنوبي شرقي
مستخدمه ٣٦ سنه 
المواصفات 
الدور الأرضي 
مدخل سياره غرفه سائق ملحق خارجي مجلس رجالي مجلس نساء مقلط وصاله مطبخ مشب مستودع 
الدور الاول 
٦ غرف نوم و٣ دورات مياه 
البيع مليون ...   حي الربوة - الرياض","قبل 3 ساعة"
"فيلا للبيع في طريق الملك فيصل ، حي المربع ، الرياض ، الرياض","2,310,000 ريال","5","4","770 م²","فيلا للبيع في طريق الملك فيصل ، حي المربع ، الرياض ، الرياضقبل 6 ساعة2,310,000 ريال770 م²4 5 فيلا للبيع شارع حذيفه بن جبل  المربع عمر العقار اكثر من ٣٦سنة  ٧٧٠متر جنوب شرقي  على شارعين جنوبي موقف سيارة ٢٥متر والشرقي ١٤متر بيت قديم يصلح ٢ فيلا دبلكس أو عمارة ٣ ادوار ونصف مثل  اللي  مقابل لها 
البيع ٢٣١٠٠٠٠ 
ملحوظة الموقع غير دقيق   حي المربع - الرياض","قبل 6 ساعة"
"فيلا للبيع في شارع المنفلوطي ، حي الزهراء ، الرياض ، الرياض","2,200,000 ريال","3","5","875 م²","فيلا للبيع في شارع المنفلوطي ، حي الزهراء ، الرياض ، الرياضقبل 19 ساعة2,200,000 ريال875 م²5 3 فيلا مجددة بالكامل-كراج ومظلة تتسع لـ 3 سيارات
صالتين علوية و سفلية
حديقة واسعة ومنطقة شواء ومنطقة ألعاب للاطفال
مسبح مع جلسة صيفية زجاجية مكيفة، ومثلها علوية كـ مكتب شخصي
شبكة كاميرات موصلة وجاهز لمراقبة المنزل من صالة العائلة اليومية وعن طريق الجوا...   حي الزهراء - الرياض","قبل 19 ساعة"
"فيلا للبيع في شارع ام يونس ، حي جرير ، الرياض ، الرياض","1,260,000 ريال","5","5","296 م²","فيلا للبيع في شارع ام يونس ، حي جرير ، الرياض ، الرياضقبل 17 ساعة1,260,000 ريال296 م²5 5 للبيع فيلا ثلاث أدوار مفصولة
-الدور الارضي 4 غرف وصالة و ثلاث حمامات و مطبخ و حوش و كراج سيارة و غرفة سائق.
-الدور الأول 4 غرف و صالة و 3 حمامات و مطبخ.
-الدور الثاني غرفتين و صالة و حمام و مطبخ و سطح.
-المساحة 296 متر
-العمر 6 سنوات
- عليها قرض صندو...   حي جرير - الرياض","قبل 17 ساعة"
"فيلا للبيع في شارع ابي البركات الانصاري ، حي الضباط ، الرياض ، الرياض","1,650,000 ريال","5","4","550 م²","فيلا للبيع في شارع ابي البركات الانصاري ، حي الضباط ، الرياض ، الرياضقبل 20 ساعة1,650,000 ريال550 م²4 5 البيع فيلا قديمة شارعين واجهتين شرقي شمالي فلل الضباط مساحة ٥٥٠ متر مربع مؤجرة حاليا بمبلغ مئة ألف تقريبا   حي الضباط - الرياض","قبل 20 ساعة"
"فيلا للبيع في شارع الثوابية ، حي عتيقة ، الرياض ، الرياض","300,000 ريال","5","5","360 م²","فيلا للبيع في شارع الثوابية ، حي عتيقة ، الرياض ، الرياضقبل 10 ساعة300,000 ريال360 م²5 5 للبيع فله دورين في اليمامه شارع البواردي ٦ غرف نوم مجلس  مطبخين  و٤ حمام المساحه ٣٦٠ زاويه  ١٠ غربي و١٠ جنوبي وسط ٣٠٠ الف ريال  مطلوب عروض فلل وعماير للبيع واراضي من المالك مباشره لوجود طلبات جادة  في لبن  السويدي البديعه الاحمديه المهديه   ٠٥٤١١٤٥٠٦...   حي عتيقة - الرياض","قبل 10 ساعة"
"فيلا للبيع في شارع ابن البانياسي ، حي الربوة ، الرياض ، الرياض","4,600,000 ريال","5","5","667 م²","فيلا للبيع في شارع ابن البانياسي ، حي الربوة ، الرياض ، الرياضقبل يوم4,600,000 ريال667 م²5 5 اسعد الله مسائكم وصباحكم بكل خير يسعدني اني أقدام لكم بيت العمر فيلا في الرياض حي الربوة
فيلا دبلكس للبيع نقدا وبالتقسيط مساحه ٦٦٧ متر
السوم ٤ مليون ٦٠٠ الف الواجهه جنوبيه 
جميع التفاصيل موجودة عندي المالك
البناء الشخصي
يوجد فيها بيدروم 
للبيع بجميع ...   حي الربوة - الرياض","قبل يوم"
"فيلا للبيع في شارع النبهانية ، حي الربوة ، الرياض ، الرياض","1,700,000 ريال","5","3","562 م²","فيلا للبيع في شارع النبهانية ، حي الربوة ، الرياض ، الرياضقبل يوم1,700,000 ريال562 م²3 5 ا
أرض عليها فيلا قديمة الموقع متميز حي القصور شرق شارع الأحساء خلف مكتبة جرير واسواق التميمي . منطقة قصور راقية وجميع الخدمات مكتملة
المساحة ٥٦٢ متر
شارعين غربي ٢٠ وشمالي ١٠ 
الصك شامل محدث
مفصولة دورين الدور الارضي مؤجر
السوم مليون 700 الف
البيع قيم...   حي الربوة - الرياض","قبل يوم"
"فيلا للبيع في شارع مرات ، حي جرير ، الرياض","1,000,000 ريال","5","5","450 م²","فيلا للبيع في شارع مرات ، حي جرير ، الرياضقبل 19 ساعة1,000,000 ريال450 م²5 5 اللهم صل وسلم  وبارك على نبينا محمد 
فيلا قديمه مساحتها ٤٥٠م عمرها اكثر من ٣٠سنه واجهتها جنوبية 
الاطوال ١٥على الشارع ×عمق ٣٠ م 
الموقع سكني هادىء جدا ..مقسمة دور وشقتين مؤجرة بالكامل ٣ عدادات كهرباء 
غرب شارع النهضة وجنوب وكالة البلديات 
السعر قابل ...   حي جرير - الرياض","قبل 19 ساعة"
"فيلا للبيع في شارع الوشر ، حي الربوة ، الرياض ، الرياض","1,200,000 ريال","4","4","374 م²","للبيع فيلا دورين مفصولة  مساحة 374 م  العمر 43عام واجهه جنوب  شرق شارع ابي الفتيان العسقلاني (12م) مع ابن ابي الرضا (10م) حي الربوة 
كل دور غرفتين نوم ومجلس وصالة ومطبخ و2 حمام 
https://youtu.be/IyK4sKkGRO0
https://youtu.be/xSZB7sixkdU","قبل اسبوع"
"فيلا للبيع في شارع النبهانية ، حي الربوة ، الرياض ، الرياض","5,000,000 ريال","5","5","562 م²","السعر 5000000 (( شامله القيمه المضافه ))  
فله  ((( للبيع ))) 
((( جديده بناء جديد ))) من المالك مباشره  المساحه 562.5
شماليه شارع 20 وشرقيه شارع 20 زاويه  بناء حديث مودرن 
جميع مواصفات الفله موجوده في الصوره الاولي 
اي استفسار  الاتصال علي المال...","قبل 12 ساعة"
"فيلا للبيع في طريق عمر بن عبد العزيز الفرعي ، حي الربوة ، الرياض ، الرياض","1,440,000 ريال","5","4","262 م²","فيلا للبيع شرق الرياض الربوه
مساحه ٢٦٢
مساحه الشارع ٠
الفله دورين ونص
مرهون للبنك ٤٠٠ الف 
عمر الفله ٧ سنوات
الدور الارضي مجلس مقلط وصاله مطبخ دورتين مياه
الدور الثاني اربع غرف وصاله واربع دورات مياه ‏
الدور الثالث غرفتين وصالة ومطبخ دورت مياه  الخيم...","قبل شهر"
"فيلا للبيع في شارع ال فريان ، حي منفوحة الجديدة ، الرياض ، الرياض","300,000 ريال","7","3","159 م²","","قبل 3 شهور"
"فيلا للبيع في حي الخالدية ، الرياض ، الرياض","2,200,000 ريال","7","3","730 م²","فيلا مجزأه الى قسمين القسم الاول دورين وشقه والقسم الثاني ثلاث شقق جديده لم تسكن الفيلا الاولى مجدده بالكامل .","قبل شهرين"
"فيلا للبيع في شارع طلحة العلثي ، حي المنصورة ، الرياض ، الرياض","1,450,000 ريال","5","5","550 م²","فرصه للاستثمار
فلتين متلاصقه
الفلة الاولي مساحتها ٢٧٥ متر
مكونه من دور ودور وملحق
الفلة الثانية مساحتها ٢٧٥ متر
مكونه من دور ودور وملحق
بصك واحد
الدخل الان ١١٠ الف في السنه الإيجارات منزلها صاحب العقار لأن أكثر السكان لهم مستاجرين أكثر من ثلاث سنوات
...","قبل 3 شهور"
"فيلا للبيع في شارع المهد ، حي جرير ، الرياض ، الرياض","950,000 ريال","4","3","254 م²","الدور الارضي استقبال مجلس ومقلط وصالة جلوس كبيره ومطبخ ومخزن
الدور الاول 4 غرف نوم وصاله و 3 حمامات 
ملحق بالسطح مع المشب
البيع مليون قابل للتفاوض","قبل 4 اسابيع"
"فيلا للبيع في شارع محمد بن عتيق ، حي الفاروق ، الرياض ، الرياض","1,100,000 ريال","7","5","675 م²","","قبل 3 شهور"
"فيلا للبيع في شارع وادي الشقره ، حي المنصورة ، الرياض ، الرياض","900,000 ريال","4","5","300 م²","عمر الڤيلا 10 سنوات 
الدور الارضي | مجلس و مقلط و صاله و غرفه نساء و مخزن و دورتين مياة 
الدور الاول | غرفتين سوبر كل غرفه لها مدخل خاص و غرفه مياة مستقله .. + غرفتين مع دورتين مياة .. المجمل 4 غرف نوم و 4 دوارت مياة .. 
الدور الثاني سطحين و صالة و غ...","قبل 3 اسابيع"
"فيلا للبيع في شارع نجروش الزهراني ، حي المنصورة ، الرياض ، الرياض","950,000 ريال","5","5","200 م²","فيلا بحي المنصورة 200متر والزواية 280
الدور الأرضي
_مجلس 
_مقلط
_صالة كبيره
_مطبخ
الدور الأول
_4غرف نوم 2ماستر و2 دورة مياه مشترك 
الدور الثاني 
-غرفة 
-غرفة غسيل 
-وحمام 
-صالة مطلة علي سطح 
وسطحين","قبل 3 شهور"
"فيلا للبيع في طريق الملك فيصل ، حي المربع ، الرياض ، الرياض","20,000,000 ريال","7","5","2500 م²","فله كبيره مكونه من دوري وفله دبلكس مكونه من دورين 
ملاحق خارجيه  مساحات كبيره توفر مواقف للسيارات تستوعب 8 سيارات مجالس خارجيه","قبل شهر"
"فيلا للبيع في شارع وادي الرشا ، حي الربوة ، الرياض ، الرياض","1,450,000 ريال","4","4","325 م²","","قبل اسبوعين"
"فيلا للبيع في شارع هجرة العين ، حي الربوة ، الرياض ، الرياض","10,000,000 ريال","7","5","1550 م²","١٥٥٠ م  شارعين متظاهرين /٣ ادوار الدور الارضي مسبح ١٠ م صاله رياضه /مجلس رجال /غرفه طعام /٢ عدد حمام /صاله تراثيه وغرفه مكتب مع حمام + غرفه صغيره للتخزين / الدور الاول غرفه نوم بحمام +حمام وصاله درج يوجد بها بيانو +مدخل خاص بالنساء ومجلس نساء+غرفه طع...","قبل شهر"
"فيلا للبيع في شارع الفراوي ، حي المربع ، الرياض ، الرياض","3,000,000 ريال","5","5","1408 م²","للبيع فيلا عدد 2 مساحة كل فيلا 704 م٢ متجاورتين كل فيلا لها صك منفصل لنفس المالك المساحة الاجمالية للفلل 1408 م٢ للبيع صافي 3000000 ريال سعودي  (ثلاثة مليون ريال سعودي صافي ) 
للتواصل ابو سامر 0541093919 واتس اب","قبل اسبوعين"
"فيلا للبيع في شارع ابها ، حي المنصورة ، الرياض ، الرياض","3,000,000 ريال","7","5","811 م²","","قبل 3 شهور"
"فيلا للبيع في شارع المطري ، حي الربوة ، الرياض ، الرياض","1,150,000 ريال","7","1","408 م²","عمر الفيلا 35 سنه","قبل شهرين"
"فيلا للبيع في شارع ناصر الدين الهمذاني ، حي الوشام ، الرياض ، الرياض","600,000 ريال","6","4","160 م²","","قبل شهرين"
"فيلا للبيع في شارع احمد البيدري ، حي عتيقة ، الرياض ، الرياض","400,000 ريال","7","5","505 م²","١١ غرفه وصالتين ومطبخ
مساحة الغرف كبيره. 
٦ دورات مياه
ويمكن فصل البيت دورين 
الدرج جانبي. 
ومستودع صغير 
ومستودع كبير جداً جداً. 
ومدخلين سيارات
يتسع المدخل الاول ٣ سيارات. 
المدخل الثاني ٤ سيارات. 
مع وجود ارض فضاء داخل الفيلا تصل مساحتها ١٦٥م تقري...","قبل اسبوع"
"فيلا للبيع في شارع البحتري ، حي الربوة ، الرياض ، الرياض","3,750,000 ريال","5","5","1250 م²","واجهته شماليه شرقيه شارع 20 و 10 
اطوالها
 25 على شارع 20
50 عمق على شارع 10
العقار يحتاج قليل من الترميم الخارجي واصحابه ساكنين فيه ومحافظين عليه .  فرصة لمن يبحث عن عقار موقعه ومنطقته ممتازة جدا جدا","قبل شهر"
"فيلا للبيع في شارع ام يونس ، حي جرير ، الرياض ، الرياض","1,200,000 ريال","5","3","296 م²","فله مساحتها ٢٩٦ عمرها حوالي ٤ سنوات دور ودور مع شقه عليها بنك ٣٥٠ الف","قبل 3 شهور"
"فيلا للبيع في شارع الأميرة الجوهرة بنت الإمام فيصل بن تركي ، حي الربوة ، الرياض ، الرياض","6,500,000 ريال","7","5","2500 م²","فيلا للبيع في شارع الأميرة الجوهرة بنت الإمام فيصل بن تركي ، حي الربوة ، الرياض ، الرياضقبل شهرين6,500,000 ريال2500 م²5 7 مجمع ٦فلل وضيافة المجمع قديم
السوم حالياً ٦،٥ مليون الموقع عبارة عن ارض
مع العلم ان الفلل قابله للترميم  لمن اراد 
بها ١٣ عداد كهرباء وعدادين ماء ونظام مراقبة كامل 
شارعين زاريه ٢٠ جنوبي غربي   حي الربوة - الرياض","قبل شهرين"
"فيلا للبيع في شارع ابي الفتح السعدي ، حي الخالدية ، الرياض ، الرياض","950,000 ريال","4","5","450 م²","فيلا للبيع في شارع ابي الفتح السعدي ، حي الخالدية ، الرياض ، الرياضقبل يومين950,000 ريال450 م²5 4 مواصفات فيلة حي الخالدية ( للبيع)
المساحة/ ٤٥٠م٢
شارع ١٥ واجهة الفلة غربية
وتفتح على مسجد وساحته
جميع الخدمات متوفرة بالقرب من الفلة
دورين مفصولة
الدور الأرضي :
مجلس رجال ، مقلط، صالة ، غرفة نوم ، غرفةنوم رئيسة بحمام ، + ٢ حمام
الحوش :
مطبخ خارجي ، م...   حي الخالدية - الرياض","قبل يومين"
"فيلا للبيع في شارع ابي الفرج الوكيل ، حي جرير ، الرياض ، الرياض","1,200,000 ريال","7","5","486 م²","فيلا للبيع في شارع ابي الفرج الوكيل ، حي جرير ، الرياض ، الرياضقبل شهر1,200,000 ريال486 م²5 7 للبيع فيلا حي جرير غرب طريق النهضة 
درج داخلي 
الدور الأرضي مجلس ومقلط وصالة كبيرة ومجلس نساء ومطبخين ودورتين مياه + ملحق مع دورة مياه 
الدور العلوي : غرفة نوم ماستر + ثلاث غرف ودورة مياه 
البيع على السوم 
مرممة بالكامل 18 على الشارع في 27 متر 
للتو...   حي جرير - الرياض","قبل شهر"
"فيلا للبيع في شارع الرواكب ، حي المنصورة ، الرياض ، الرياض","1,000,000 ريال","5","3","275 م²","فيلا للبيع في شارع الرواكب ، حي المنصورة ، الرياض ، الرياضقبل 3 اسابيع1,000,000 ريال275 م²3 5 فيلا دوبلكس للبيع نظام شقق بقيمة ممتازة وقابل للتفاوض للجاديين فقط
- الطابق الارضي 5 غرف وثلاث حمامات وصالة وموقف خاص ومدخل خاص
- الطابق الاول 6 غرف و3 حمامات وصالة 
- الطابق الاخير 3 غرف وصالة و 2 حمام 
الدخل السنوي 70.000 ريال تقريبا   حي المنصورة - الرياض","قبل 3 اسابيع"
"فيلا للبيع في شارع قتيبة بن مسلم ، حي اليمامة ، الرياض ، الرياض","1,100,000 ريال","5","5","500 م²","فيلا للبيع في شارع قتيبة بن مسلم ، حي اليمامة ، الرياض ، الرياضقبل شهرين1,100,000 ريال500 م²5 5 فرصة للإستثمار بيت مع محلات مساحة ٥٠٠ متر 
المحلات ٢٠٠ متر والبيت ٣٠٠ 
٣ ادوار الدور الاخير شقة وسطح 
شقة عبارة عن غرفة صالة حمام مطبخ 
الدور الارضي عبارة عن قبو تدخل فيه ٤ سيارات او اكثر 
الدور الاول عبارة عن ملحقين ومطبخ خارجي ومجلس وصالة
ومقلط ومج...   حي اليمامة - الرياض","قبل شهرين"
"فيلا للبيع في شارع البراء بن عازب ، حي الضباط ، الرياض ، الرياض","2,000,000 ريال","6","5","375 م²","فيلا للبيع في شارع البراء بن عازب ، حي الضباط ، الرياض ، الرياضقبل شهر2,000,000 ريال375 م²5 6 عمره ١٩ ومساحته ٣٧٥ متر على شارعين غربي وشمالي ثلاث ادوار مفصولة اساساتها ممتازة بالقرب من مستشفى قوى الامن من الجهة الشمالية مؤجر ب120 الف سنوي  محدود ب (2,000,000) ووصل سومها مليون وخمس مية الف   حي الضباط - الرياض","قبل شهر"
"فيلا للبيع في شارع الحارث بن اسد ، حي الخالدية ، الرياض ، الرياض","900,000 ريال","7","5","440 م²","فيلا للبيع في شارع الحارث بن اسد ، حي الخالدية ، الرياض ، الرياضقبل يوم900,000 ريال440 م²5 7 فيلا للبيع عمرها 20 سنه
عبارة عن 4 وحدات سكنية مؤجرة بالكامل
شقتين منفصلتين بالدور الأرضي 
وشقه بالدور الأول كامل
وشقه بالدور الثاني(السطح) 
3 عدادت كهرباء
وعداد مويه
للتواصل والإستفسارات: 0581955905
في حال عدم الرد يرجى ترك رسالة واتساب
* للمعاينة...   حي الخالدية - الرياض","قبل يوم"
"فيلا للبيع في شارع ابن المبرد ، حي الربوة ، الرياض ، الرياض","1,300,000 ريال","7","5","540 م²","فيلا للبيع في شارع ابن المبرد ، حي الربوة ، الرياض ، الرياضقبل 14 ساعة1,300,000 ريال540 م²5 7 فلة مفصولة جنوبية مجددة الدور الاول بالكامل   حي الربوة - الرياض","قبل 14 ساعة"
"فيلا للبيع في شارع ابن سراج العدل ، حي الربوة ، الرياض ، الرياض","1,500,000 ريال","6","5","550 م²","فيلا للبيع في شارع ابن سراج العدل ، حي الربوة ، الرياض ، الرياضقبل اسبوع1,500,000 ريال550 م²5 6 للبيع فيلا زاوية بحي الربوة 
مساحة الفيلا :550م2
الواجهة: شرق - جنوب شارع عرض 12م
تتكون الفيلا من :
الحوش : - مدخل سيارة + مسطح اخضر + ملحق + مشب + غرفة سائق + دورة مياة.
- الدور الارضي دورتين مياة + مجلس رجال + مجلس نساء + مقلط + صالة + مطبخ + مس...   حي الربوة - الرياض","قبل اسبوع"
"فيلا للبيع في شارع المنفلوطي ، حي الزهراء ، الرياض ، الرياض","1,500,000 ريال","5","5","562 م²","فيلا للبيع في شارع المنفلوطي ، حي الزهراء ، الرياض ، الرياضقبل 18 ساعة1,500,000 ريال562 م²5 5 فيلا قديمة تباع بقيمة ارض اطوالها :
الابعاد : ٢٥ العرض 
 الطول الداخلي : ٢٢،٥
خلف عقارية الستين ش صلاح الدين 
شارع ٢٠   حي الزهراء - الرياض","قبل 18 ساعة"
"فيلا للبيع في طريق عمر بن عبدالعزيز ، حي الزهراء ، الرياض ، الرياض","800,000 ريال","5","4","288 م²","فيلا للبيع في طريق عمر بن عبدالعزيز ، حي الزهراء ، الرياض ، الرياضقبل 5 ايام800,000 ريال288 م²4 5 فيلا قديمة
دورين مفصولة   حي الزهراء - الرياض","قبل 5 ايام"
"فيلا للبيع في شارع ابو اليسر ، حي جرير ، الرياض ، الرياض","1,850,000 ريال","6","4","1000 م²","فيلا للبيع في شارع ابو اليسر ، حي جرير ، الرياض ، الرياضقبل 6 ايام1,850,000 ريال1000 م²4 6 ڤيلا حي جرير قريبة من طريق النهضة 
المساحة:1000 م ( 25*40)
شارع شمالي 12 م
شارع غربي 12 م
يوجد فيها :
اكثر من 7 غرف 
صالتين 
اكثر من 5 دورات مياه 
درج داخلي 
غرفة خادمة
ملحق خارجي 
مستودع
على السووم 
الحد 1850 للمتر
والمالك صامل البيع   حي جرير - الرياض","قبل 6 ايام"
"فيلا للبيع في شارع القفاف ، حي الربوة ، الرياض ، الرياض","1,800,000 ريال","4","5","562 م²","فيلا للبيع في شارع القفاف ، حي الربوة ، الرياض ، الرياضقبل 45 دقيقة1,800,000 ريال562 م²5 4 تحديث 
السوم مليون وسبعمائة الف
الحد مليون وثمانمائة الف
والضريبة على المشتري
للبيع من المالك مباشرة
فيلا قديمة الموقع متميز حي القصور شرق شارع الأحساء خلف جرير و التميمي . منطقة قصور راقية وجميع الخدمات مكتملة
الموقع في الاعلان دقيق 
شارعين غربي...   حي الربوة - الرياض","قبل 45 دقيقة"
"فيلا للبيع في شارع يحيى العمروني ، حي الخالدية ، الرياض ، الرياض","1,400,000 ريال","7","5","650 م²","فيلا للبيع في شارع يحيى العمروني ، حي الخالدية ، الرياض ، الرياضقبل يوم1,400,000 ريال650 م²5 7 للبيع فيلا بحي الخالدية من المالك مباشرة
مجددة بالكامل قبل سنتين
مكيفات راكبه سبليت، مطبخ جديد
السوم وصل 1,400,000 
البيع قريب ان شاءالله
للتواصل والإستفسارات: 0581955905
في حال عدم الرد يرجى ترك رسالة واتساب   حي الخالدية - الرياض","قبل يوم"
"فيلا للبيع في حي الخالدية ، الرياض ، الرياض","1,000,600 ريال","5","5","600 م²","فيلا للبيع في حي الخالدية ، الرياض ، الرياضقبل شهر1,000,600 ريال600 م²5 5 تجاري
يوجد حوش كبير وبيت شعر ومدخل سيارة شارع ٣٦
قريب من محطط القطار تقريب ٤٠٠ متر ومصرح عدد أدوار شارع تجاري   حي الخالدية - الرياض","قبل شهر"
"فيلا للبيع في حي غبيرة ، الرياض ، الرياض","300,000 ريال","7","5","120 م²","فيلا للبيع في حي غبيرة ، الرياض ، الرياضقبل 3 شهور300,000 ريال120 م²5 7 بسم الله الرحمن الرحيم  ماشاء الله   ولاقوة الابالله               فلة دورين وملحق للبيع
موجرة  ٢٦
قريبة من الجامع وكذالك  المدارس  والخدمات
والله ولي التوفيق
للتواصل ابو محمد 0565455008   حي غبيرة - الرياض","قبل 3 شهور"
"فيلا للبيع في شارع ابي المهند ، حي جرير ، الرياض ، الرياض","3,000,000 ريال","5","5","355 م²","فيلا للبيع في شارع ابي المهند ، حي جرير ، الرياض ، الرياضقبل اسبوعين3,000,000 ريال355 م²5 5 بدروم مرتفع مشمس مكون من غرف نوم اساسية داخلها حمام  وغرفتين نوم وبينهم حمام 
صالة طعام وصالة جلوس بداخلها حمام 
ومطبخ وحوش وبنهاية الحوش غرفة صغيرة 
وغرفة شغالة 
الدور الارضي مجلس رجال ومجلس حريم وبينهم حمام وصالة طعام 
وثم باب مغلق وغرفتين اساسية ب...   حي جرير - الرياض","قبل اسبوعين"
"فيلا للبيع في شارع جرير ، حي جرير ، الرياض ، الرياض","3,750,000 ريال","5","5","1250 م²","فيلا للبيع في شارع جرير ، حي جرير ، الرياض ، الرياضقبل شهر3,750,000 ريال1250 م²5 5 فرصه استثماريه
فيلا على شارع جرير سكني تجاري للبيع
للتواصل واتس اب   حي جرير - الرياض","قبل شهر"
"فيلا للبيع في شارع عبدالعزيز النمر ، حي الربوة ، الرياض ، الرياض","5,200,000 ريال","5","5","536 م²","فيلا للبيع في شارع عبدالعزيز النمر ، حي الربوة ، الرياض ، الرياضقبل اسبوع5,200,000 ريال536 م²5 5 فيلا مودرن و التشطيب ممتاز جدا و بناء شخصي للبيع او الايجار السعر قابل للتفاوض   حي الربوة - الرياض","قبل اسبوع"
"فيلا للبيع في شارع مسلم بن الوليد ، حي الفاروق ، الرياض ، الرياض","650,000 ريال","7","4","500 م²","فيلا للبيع في شارع مسلم بن الوليد ، حي الفاروق ، الرياض ، الرياضقبل اسبوع650,000 ريال500 م²4 7 السعر الموجود سوم !!! الفيلة عباره عن دورين وسطح الغرف واسعه وعمرها فوق ل 35 سنه   حي الفاروق - الرياض","قبل اسبوع"
"فيلا للبيع في شارع احمد بن سلطان ، حي اليمامة ، الرياض ، الرياض","350,000 ريال","6","3","154 م²","بيت شعبي مسلح مستاجر دخله السنوي 10000 
قابل للتفاوض للصامل  التواصل على هذه الرقم 
او خاص او واتس 0567270071
من المالك مباشرة","قبل اسبوع"
"فيلا للبيع في شارع الحموي ، حي اليمامة ، الرياض ، الرياض","500,000 ريال","5","4","500 م²","فلتين وارض بينها ساحة كانت مؤجرة على مدرسة للاستثمار موقعها مميز حي اليمامة وقريبة من مجمع مدارس البنات مساحاتها كل فلة ٥٠٠ متر والارض ٥٠٠ متر","قبل شهر"
"فيلا للبيع في شارع زرقاء اليمامة ، حي المربع ، الرياض ، الرياض","600,000 ريال","5","4","328 م²","فيلا دورين وملحق تحت استقبال وفوق نوم
تم تقسيمها إلى دورين منفصلين
كل دور له عداد كهرب مستقل
العمارة يبيلها ترميم
يوجد تصوير فيديو للدور الأرضي","قبل 4 ايام"
"فيلا للبيع في شارع عبدالله بن جريس ، حي المنصورة ، الرياض","2,000,000 ريال","7","5","750 م²","فلتين دبلكس 
فيلا الاولى : تحت استقبال فوق غرف نوم 
فيلا الثانية : تحت دور و فوق دور+ ملحق فوق 
البناء شخصي ممتاز وتقع على شارعين 30 غرب و 15 جنوب 
 
السوم 2000000 والبيع قريب بأذن الله
التواصل مع المالك مباشرة  0555446903","قبل اسبوعين"
"فيلا للبيع في شارع الجريفة ، حي جرير ، الرياض ، الرياض","900,000 ريال","5","5","278 م²","فلة بحي جرير الرياض مجددة بالكامل قبل سنتان بقيمة ٣٠٠ ألف ريال موجود الفواتير","قبل اسبوع"
"فيلا للبيع في شارع سلمان بن ربيعة -رضي الله عنه- ، حي الربوة ، الرياض ، الرياض","1,750,000 ريال","4","4","460 م²","للبيع فيلا ٤٦٠ متر
حي الربوة - الرياض 
عمرها  ١٧ سنه
شارع ١٥ شمالي 
درج صالة تشطيب سوبر ديولكس
رخام وبورسلان 
جبسيات على كامل غرف المنزل 
عدد اثنين ملاحق وقبو
غرفة سائق 
غرفة خادمة ومستودع وغرفة غسيل 
مسطحات البناء غير الملاحق ٥٨٠ م
٤ مكيفات مخفيه دك...","قبل ساعتين"
"فيلا للبيع في شارع عبدالرحمن الجيلي ، حي جرير ، الرياض","950,000 ريال","5","5","440 م²","للبيع فله قديمه بحي جرير
العمر /40
قابله للفصل 
راس بلك على ثلاثة شوارع
شمالي/10
جنوبي/10
غربي/15
للتواصل/أبوعبدالرحمن
0555000427","قبل شهر"
"فيلا للبيع في شارع جبل عامر ، حي اليمامة ، الرياض ، الرياض","260,000 ريال","7","4","225 م²","للبيع فيلا استثمارية بحي اليمامه مساحة ٢٧٠ م٢ تتكون من دور ارضي ودور اول وشقه بالسطح جميعهم مفصوله الدور الارضي يتكون من حوش وملحق خارجي و٤ غرف ومطبخ وصاله ودورتين مياه والدور الاول يتكون من ٤ غرف وصاله ومطبخ ودورتين مياه وبلكونه صغيره والدور الثاني ...","قبل شهرين"
"فيلا للبيع في شارع الانجب بن ابي السعادات ، حي العمل ، الرياض ، الرياض","630,000 ريال","7","4","315 م²","فيلا مؤجرة بحالة جيدة","قبل شهر"
"فيلا للبيع في شارع طلحة العلثي ، حي المنصورة ، الرياض ، الرياض","1,550,000 ريال","7","5","420 م²","فيلا فخمة بمواصفات خاصة :
المساحة  : 420م 
الحي.      :المنصورة 
المزايا :
1-بناء خاص بمواصفات خاصة
2-تشطيب Vip
3-مكيفات اسبليت لكافة الغرف
4-خزان غاز ارضي 
5-موقف سيارة داخلي مظلل 
6-دور بدروم بمواصفات خاصة له مدخلان ويحتوي :
1-صالة مناسبات فخمة مشط...","قبل شهر"
"فيلا للبيع في شارع دارين ، حي الربوة ، الرياض ، الرياض","1,550,000 ريال","3","3","700 م²","الفله قديمه لها اكثر من ٣٥ سنه بقيمه ارض 
مساحتها ٧٠٠
شارع ٢٠
حي الربوه
مصممه قديما على انها دور ارضي وشقتين فوق لكن تم استخدامها بالكامل من قبل عائله بيها ٣ عدادات كهرب   السوم مليون ٥٥٠","قبل 21 ساعة"
"فيلا للبيع في شارع القفاف ، حي الربوة ، الرياض ، الرياض","1,750,000 ريال","2","5","562 م²","أرض عليها فيلا قديمة الموقع متميز حي القصور خلف مكتبة جرير واسواق التميمي . منطقة قصور راقية وجميع الخدمات مكتملة
المساحة ٥٦٢ متر
شارعين غربي ٢٠ وشمالي ١٠ 
الصك شامل محدث
مفصولة دورين الدور الارضي مؤجر
السوم مليون  و ٧٥٠ألف 
البيع فرق السوم          ...","قبل 21 ساعة"
"فيلا للبيع في شارع ابن عامر ، حي الربوة ، الرياض ، الرياض","1,200,000 ريال","5","5","300 م²","الرجاء التواصل عبر الوتس اب 
دبلوكس 
على شارعين - ٢٠ غرب - ١٠ شمال
المساحة : ٣٠٠ متر 
عمر العقار ١٨ سنة تقريبا 
مواصفات العقار 
- دورين مفصولة - عدادات مفصولة .. 
- غرفة سائق 
- ملحق خارجي 
- موقف سيارة 
الدور الأرضي : 
- مجلس 
- صالة
- ٣ غرف 
- ...","قبل شهر"
"فيلا للبيع في شارع حكيم بن خزام ، حي الوشام ، الرياض ، الرياض","2,000,000 ريال","6","3","904 م²","بيت قدم جدا متهالك البناء","قبل شهر"
"فيلا للبيع في شارع ابي العوالي الكناني ، حي الزهراء ، الرياض","1,400,000 ريال","7","5","562 م²","ڤيلا للبيع مجددة ومرممة بالكامل في الملز حي الزهراء قريبة من المستشفى الوطني مكونة من دورين متصلة كل دور شقتين ويوجد ثلاث ملاحق خارجية  .   
الإجمالي:  عدد 15 غرفة وصالتين و 7 مطابخ و7 دورات مياه","قبل يوم"
"فيلا للبيع في شارع زهرة الربيع ، حي المنصورة ، الرياض ، الرياض","2,000,000 ريال","5","5","580 م²","شارع ثلاثين امام مسجد وجمعيع الخدمات موجوده الواجها  رخام ودرج داخلي","قبل شهر"
"فيلا للبيع في شارع ابي السعود الحسيني ، حي سكيرينة ، الرياض ، الرياض","300,000 ريال","2","2","150 م²","","قبل 3 اسابيع"
"فيلا للبيع في شارع الموية الجديد ، حي المربع ، الرياض ، الرياض","700,000 ريال","6","5","225 م²","فيلا للبيع بقيمة ارض دور وشقتين  قديمه وفرصه للستثمار  في المربع على شارع ١٠ سوم ٧٥٠  وقابل للتفاوض  للتواصل واتس","قبل شهر"
"فيلا للبيع في شارع ابراهيم بن رضوان ، حي منفوحة الجديدة ، الرياض ، الرياض","500,000 ريال","7","5","215 م²","فله عباره عن ٦ شقق مؤجر منها ٤ وثنتين فاضيه دخلها السنوي حدود ٣٠ الف اجارات قديمه البنيان مسلح وفيها ٣ عدادات تصلح للي بياخذها عن طريق البنك ويرممها الحاره هاديه والجيران كويسين عليها سوم ٣٥٠ الف والبيع قريب","قبل 3 ايام"
"فيلا للبيع في شارع ابن الغزال ، حي الضباط ، الرياض ، الرياض","1,400,000 ريال","6","5","552 م²","فيلا قديمة عبارة عن دورين مع حوش خارجي بمسبح للبيع أو الإيجار ، وتحتاج ترميم بالكامل ..
السعر قابل للتفاوض","قبل 18 ساعة"
"فيلا للبيع في شارع أبي المهند ، حي جرير ، الرياض ، الرياض","2,000,000 ريال","7","5","400 م²","فيلا للبيع في شارع أبي المهند ، حي جرير ، الرياض ، الرياضقبل اسبوع2,000,000 ريال400 م²5 7 للبيع فله حي الربوه مساحه 400م دور ارضي مفصول ست غرف  اربع حمامات معا غرف ملابس 
دور اول مفصول  خمس غرف اربع حمامات معا غرف ملابس 
دور ثاني خمس غرف اربع حمامات معا غرف ملابس 
فيلا جديدة فاخرة ومساحات كبيرة وتنفيذ مضمون وعليها ضمانات وتشطيب فاخر وباقي...   حي جرير - الرياض","قبل اسبوع"
"فيلا للبيع في الرياض ، حي العزيزية ، الرياض","930,000 ريال","4","4","236 م²","فيلا للبيع في الرياض ، حي العزيزية ، الرياضقبل 3 اسابيع930,000 ريال236 م²4 4 السلام عليكم ورحمة الله وبركاته
شركه مدار اعمار ترحب بكم
فيلا للبيع في الشفا عباره عن درج صاله
تتكون مجلس و مقلط وصاله ومطبخ مجلس نساء و اثنين حمامات
والدور الثاني ٤ غرف نوم وصاله منها غرفتين مع الحمام حمام
والسطح غرفه مع الحمام
نوفر الدفعه الاولي وا...   حي المنصورة - الرياض","قبل 3 اسابيع"
"فيلا للبيع في شارع ابن ابي التائب ، حي المنصورة ، الرياض ، الرياض","1,000,000 ريال","5","5","500 م²","فيلا للبيع في شارع ابن ابي التائب ، حي المنصورة ، الرياض ، الرياضقبل 4 اسابيع1,000,000 ريال500 م²5 5 فله مجدده موقع مميز قريب من جامع ام ابراهيم الذياب مكونه من دورين مفصوله وخمس ملاحق موجره كامل دخلها تقريبآ 120 الف في السنه 
الدور فيه مجلس ومقلط ومطبخ وصاله وثلاث غرف نوم وثلاث دورات مياه  3 ملاحق في السطح و2 في الحوش كل ملحق غرفه وصاله ومطبخ ودوره...   حي المنصورة - الرياض","قبل 4 اسابيع"
"فيلا للبيع في شارع وادي النظاره ، حي المنصورة ، الرياض ، الرياض","900,000 ريال","4","5","274 م²","فيلا للبيع في شارع وادي النظاره ، حي المنصورة ، الرياض ، الرياضقبل 4 اسابيع900,000 ريال274 م²5 4 فله دبلكس مجدده تتكون من دور وثلاث شقق الدور عباره عن مجلس ومقلط وغرفتين نوم ومطبخ وثلاث دورات مياه 
الشقق عباره عن مجلس وصاله وغرفتين نوم ودورتين مياه   حي المنصورة - الرياض","قبل 4 اسابيع"
"فيلا للبيع في شارع الغريبة ، حي الربوة ، الرياض ، الرياض","1,300,000 ريال","6","5","252 م²","فيلا للبيع في شارع الغريبة ، حي الربوة ، الرياض ، الرياضقبل اسبوعين1,300,000 ريال252 م²5 6 فيلا سكنية درج داخلي اطوال الفيلا على الشارع 18م والعمق 14م  عمرها 17 سنة تحتوي على :
الدور الأرضي :
- مدخلين مستقلة ( رجال - نساء )
- مجلس
- صالة 
- صالة نساء 
- مطبخ 
- دورتين مياه 
- مشب خارجي 
- غرفة سائق 
- موقف سيارة داخلي 
الدور الأول : 
- غ...   حي الربوة - الرياض","قبل اسبوعين"
"فيلا للبيع في شارع دارين ، حي الربوة ، الرياض ، الرياض","1,500,000 ريال","5","4","700 م²","فيلا للبيع في شارع دارين ، حي الربوة ، الرياض ، الرياضقبل 23 ساعة1,500,000 ريال700 م²4 5 الفيلا للبيع 
بسعر الأرض مباشره مع المالك ..   حي الربوة - الرياض","قبل 23 ساعة"
"فيلا للبيع في شارع ابن ظهار ، حي المنصورة ، الرياض ، الرياض","950,000 ريال","5","5","200 م²","فيلا للبيع في شارع ابن ظهار ، حي المنصورة ، الرياض ، الرياضقبل شهر950,000 ريال200 م²5 5 فيلا للبيع مساحة 200م
مواصفات الفيلا درج داخلي فقط
دبلكس ملصقة 
موقع الفيلا مرة مميز قريبة من كل الخدمات 
الموقع خنشليلة 
تحت مجالس وفوق 4غرف نوم و3حمامات 
شمالية 20
كل الضمانات متوفرة 
0500251499   حي المنصورة - الرياض","قبل شهر"
"فيلا للبيع في شارع مويسل, الرياض","1,250,000 ريال","5","4","650 م²","فيلا للبيع في شارع مويسل, الرياضقبل شهر1,250,000 ريال650 م²4 5 فيلا على شارعين زاوية شارع 14 و شارع 12 مفصوله دور وشقتين ثلاث عدادات   حي الخالدية - الرياض","قبل شهر"
"فيلا للبيع في شارع الانباري ، حي المنصورة ، الرياض ، الرياض","11,500,000 ريال","5","5","4550 م²","فيلا للبيع في شارع الانباري ، حي المنصورة ، الرياض ، الرياضقبل يوم11,500,000 ريال4550 م²5 5 موقع الإستثمار التجاري او تتقسم سكني  تتكون من/ قاعه   وفلتين وشقه و٣ فتحات وارض  وموقع ممتاز ع ٣ شوارع  ٣٠ شرقي ٣٠ شمالي ٢٠ غربي   حي المنصورة - الرياض","قبل يوم"
"فيلا للبيع في شارع ابن حبان ، حي اليمامة ، الرياض ، الرياض","500,000 ريال","5","5","300 م²","فيلا للبيع في شارع ابن حبان ، حي اليمامة ، الرياض ، الرياضقبل يومين500,000 ريال300 م²5 5 كود اعلان رقم ب/ B278.
فيلا للبيع دورين مفصولين بحي اليمامه مرمم كامل
موقع ممتاز علئ شارع رئيسي سكنيه 
الدور الارضي : مجلس ومقلط و٣ غرف نوم وصاله ودورتين المياة ومطبخ ومستودع وحوش .
-
الدور العلوي : مجلس ومقلط و٤ غرف نوم وصاله ودورتين المياة ومطبخ وا...   حي اليمامة - الرياض","قبل يومين"
"فيلا للبيع في شارع ابي اسحاق التاجر ، حي جرير ، الرياض ، الرياض","1,600,000 ريال","6","5","400 م²","فيلا للبيع في شارع ابي اسحاق التاجر ، حي جرير ، الرياض ، الرياضقبل 3 اسابيع1,600,000 ريال400 م²5 6 فيلا للبيع حي الملز
المساحه ٤٠٠ متر
شارع ١٠ جنوبي
العمر ٦ سنوات
السعر ١٦٠٠٠٠٠ قابل للتفاوض
المواصفات
ملحق خارجي + مطبخ خارجي +حوش
مجلس رجال +صاله طعام +صاله +صاله نساء
العلوي عدد ٤ غرف نوم + صاله
السطح عدد ٢ غرفه +صاله   حي جرير - الرياض","قبل 3 اسابيع"
"فيلا للبيع في طريق الامير محمد بن عبدالرحمن الفرعي ، حي الخالدية ، الرياض ، الرياض","1,000,000 ريال","5","4","450 م²","فيلا للبيع في طريق الامير محمد بن عبدالرحمن الفرعي ، حي الخالدية ، الرياض ، الرياضقبل شهر1,000,000 ريال450 م²4 5 فلة بالرياض حي الخالدية مساحتها ٤٥٠ متر دورين مفصولة وملحق السوم ٩٠٠  ألف  البيع علي الشور  ٩٥٠  الف   حي الخالدية - الرياض","قبل شهر"
"فيلا للبيع في شارع ابن السكيت ، حي جرير ، الرياض ، الرياض","2,000,000 ريال","7","5","850 م²","فيلا للبيع في شارع ابن السكيت ، حي جرير ، الرياض ، الرياضقبل 3 اسابيع2,000,000 ريال850 م²5 7 العقار عباره عن فيلا دور ارضي  6 غرف + 3 حمامات + مطبخ 
وحوش مساحه كبيره + حمام خارجي + حديقه + مساحه جاهزه لبناء بيت شعر  + مدخل سياره مظلل ياخد حوالي  4 سيارات 
ودور ثاني مدخل منفصل 
عباره عن عماره فيها 5 سقق  
1- شقه جناح  3 غرف + صاله + بلكونه ...   حي جرير - الرياض","قبل 3 اسابيع"
"فيلا للبيع في شارع حبيب الانصاري ، حي عتيقة ، الرياض ، الرياض","400,000 ريال","7","5","264 م²","فيلا للبيع في شارع حبيب الانصاري ، حي عتيقة ، الرياض ، الرياضقبل 20 ساعة400,000 ريال264 م²5 7 الدور الارضي:٣غرف+ مستودع+مجلس+مقلط+مطبخ+٣دورات مياة
الشقه الاولى:٣غرف+مطبخ+٢دورات مياة+بلكونة
الشقه الثانيه:٢غرف نوم+صالة+دورة مياة واحده+مطبخ
السطح:غرفة+دوراة مياة وحده   حي عتيقة - الرياض","قبل 20 ساعة"
"فيلا للبيع في شارع عبدالقادر الناصح ، حي جرير ، الرياض ، الرياض","1,500,000 ريال","6","4","489 م²","فيلا للبيع في شارع عبدالقادر الناصح ، حي جرير ، الرياض ، الرياضقبل شهر1,500,000 ريال489 م²4 6    حي جرير - الرياض","قبل شهر"
"فيلا للبيع في شارع احمد العصامي ، حي المنصورة ، الرياض ، الرياض","900,000 ريال","5","5","260 م²","فيلا للبيع في شارع احمد العصامي ، حي المنصورة ، الرياض ، الرياضقبل 4 ايام900,000 ريال260 م²5 5 دور الارضي مقلط وصالتين مجلس نساء ومجلس رجال 
دورتين مياه ومطبخ 
الاول ٥غرف ودورتين مياه 
السطح غرفه خادمه مع دوره مياه  ومستودع
تواصل وتساب _0555617792   حي المنصورة - الرياض","قبل 4 ايام"
"فيلا للبيع في شارع ابن غنائم ، حي الربوة ، الرياض ، الرياض","900,000 ريال","5","4","311 م²","فيلا للبيع في شارع ابن غنائم ، حي الربوة ، الرياض ، الرياضقبل يومين900,000 ريال311 م²4 5 فيلا للبيع في حي الربوة شارع المزني  عبارة عن دورين مفصولة عمرها حوالي ٣٨سنة مرممة بالكامل مؤجرة .. 
حد مليون ..   حي الربوة - الرياض","قبل يومين"
"فيلا للبيع في شارع الحجاج بن يوسف ، حي الزهراء ، الرياض ، الرياض","1,000,000 ريال","3","2","370 م²","فيلا للبيع في شارع الحجاج بن يوسف ، حي الزهراء ، الرياض ، الرياضقبل شهر1,000,000 ريال370 م²2 3 فيلا للبيع حي الملز
المساحه ٣٧٠ متر
زاويه شارع ٢٠ غربي وشارع ١٠ جنوبي
المواصفات
الارضي : مجلس رجال +صاله طعام +صاله +مطبخ
العلوي؛ عدد ٤ غرف نوم +صاله
الفيلا مجددة
السوم 830ألف
البيع ٩٠٠ ألف على الشور   حي الزهراء - الرياض","قبل شهر"
"فيلا للبيع في شارع صفوان بن عبدالله ، حي الخالدية ، الرياض ، الرياض","1,200,000 ريال","7","4","625 م²","فيلا للبيع في شارع صفوان بن عبدالله ، حي الخالدية ، الرياض ، الرياضقبل اسبوع1,200,000 ريال625 م²4 7 ١-  معمول له ترميم كامل السباكة و الكهرباء من افضل المواد 
٢- الدرج جانبي قابل للفصل 
٣-عليها بنك عقاري ١٨٤ الف 
سرميك و رخام و باركية 
٠٥٦٨٦٤٤٢٠٩ للتواصل يوجد مقطع فديو وصور للبيت   حي الخالدية - الرياض","قبل اسبوع"
"فيلا للبيع في شارع يعقوب السامري ، حي اليمامة ، الرياض","660,000 ريال","7","5","632 م²","فيلا للبيع في شارع يعقوب السامري ، حي اليمامة ، الرياضقبل شهر660,000 ريال632 م²5 7 فله للبيع بحي اليمامة
المساحة: 632م
عرض الشارع : 15م
الواجهة : غربية 
دور+ ٣ شقق
شقتين مؤجرة ب ٣٠ الف 
والشقة الثالثة فاضية 
الدور الارضي:
٤ غرف نوم مجلس ومقلط ٤ دورات مياة ومطبخ خارجي واسع 
وغرفة خادمة وغرفة سواق ومستودع للمطبخ ومستودع للحفظ 
الشق...   حي اليمامة - الرياض","قبل شهر"
"فيلا للبيع في شارع عبداللطيف الطبري ، حي جرير ، الرياض ، الرياض","1,050,000 ريال","5","5","500 م²","غرف النوم 7+غرفة شغاله +غرفه سواق+ملحق +مطبخ راكب+مستودع + 2مجلس+مقلط+صالتين
والمكيفات راكبه
وانبوبه غاز كبيرة ممدده للمطبخ","قبل اسبوع"
"فيلا للبيع في شارع جندب بن كعب ، حي الضباط ، الرياض ، الرياض","1,300,000 ريال","4","5","450 م²","مؤجر لمدة 10 سنوات ، متبقي منها 3  سنوات","قبل 5 ايام"
"فيلا للبيع في شارع الفريق ، حي المنصورة ، الرياض ، الرياض","2,300,000 ريال","3","3","800 م²","","قبل اسبوعين"
"فيلا للبيع في شارع ابن برهان ، حي جرير ، الرياض ، الرياض","1,400,000 ريال","7","5","500 م²","المنزل تم ترميمه من سنوات و ممكن فصل الدورين
من المالك مباشرة","قبل اسبوعين"
"فيلا للبيع في شارع ابن البانياسي ، حي الربوة ، الرياض ، الرياض","1,350,000 ريال","3","4","255 م²","فلة شمالية بحي الربوة 
مؤجرة حالياً
تشطيب ممتاز 
المجلس والصالة تكييف مخفي كونسيلد
غاز مركزي
الموقع صحيح
للتواصل
0555144826","قبل اسبوعين"
"فيلا للبيع في شارع الامير سعود بن عبدالرحمن الثاني ، حي المنصورة ، الرياض ، الرياض","1,800,000 ريال","5","3","500 م²","المواصفات دور ارضي ملحق خارجي 
الدور الارضي ٣ غرف نوم ومجلس ويم وصاله 
مساحه ٨ في خمسه 
ومجلس ومجلط الششق واحده اربع غرف واثنين ثلاث غرف
السوم 1 مليون و 600","قبل اسبوعين"
"فيلا للبيع في شارع عبداللطيف الخيمي ، حي المربع ، الرياض ، الرياض","893,200 ريال","7","5","406 م²","متر مربع 406
فيلا طابقين
بحد أدنى 80.000 دخل إيجار سنوي
المساحة 29 م × 14 م
طريق على جانبين
الموقع بالقرب من لولو هايبر ماركت ومحطة مترو الرياض","قبل اسبوعين"
"فيلا للبيع في شارع جمال الدين بن المظفر ، حي منفوحة ، الرياض ، الرياض","300,000 ريال","3","2","132 م²","‏الدور الأرضي والدور الأول عداد مستقل الكهرب
‏الموقع ممتاز في منفوحة قريب الخدمات كلها من حراج بن قاسم ومن المستوصف القديم 
‏‏الدور الأرضي مؤجر بتسعة
‏الدور الأول مؤجر بتسعة
‏الملحق فاضي إجارة من ‏الخمسة ‏الا ستة
السوم وصل 230 الف","قبل 52 دقيقة"
"فيلا للبيع في طريق الملك فهد الفرعي ، حي المربع ، الرياض ، الرياض","2,800,000 ريال","5","4","500 م²","للشركات 
فله قديمه للهدم قيمة ارض
مسموح بناء  عدة ادوار 
ظهيرة طريق الملك فهد 
5500 على شور","قبل اسبوعين"
"فيلا للبيع في شارع القفاف ، حي الربوة ، الرياض ، الرياض","2,000,000 ريال","4","4","562 م²","للبيع من المالك مباشرة
 فيلا قديمة الموقع متميز حي القصور شرق شارع الأحساء خلف مكتبة جرير واسواق التميمي . منطقة قصور راقية وجميع الخدمات مكتملة
المساحة ٥٦٢ متر
شارعين غربي ٢٠ وشمالي ١٠ 
الصك شامل محدث
مفصولة دورين الدور الارضي مؤجر
السوم مليون وستم...","قبل اسبوعين"
"فيلا للبيع في شارع الأميرة الجوهرة بنت الإمام فيصل بن تركي ، حي الربوة ، الرياض ، الرياض","3,800,000 ريال","6","4","1050 م²","فله للبيع 
حي القصور (الربوه) 
نشتري ونبيع في هذه المنطقه وفي الملز والعليا وشمال الرياض عموما
عماير -اراضي -فلل 
ونسوق عقاراتكم 
ميثاق الجزيره العقاريه ...","قبل اسبوعين"
"فيلا للبيع في طريق الملك فيصل ، حي المربع ، الرياض ، الرياض","5,000,000 ريال","7","4","617 م²","فيلا قديمه مطله على ثلاثه شوارع طريق الملك فيصل عرض 40م وطريق الامام عبدالله الفيصل عرض 30م وشارع 10م تصلح لتكون فندق او عماره تجاريه مكاتب 
او لسلسله مطاعم المشهوره او فرع بنك","قبل 21 دقيقة"
"فيلا للبيع في شارع ابي اسحاق التاجر ، حي جرير ، الرياض ، الرياض","1,600,000 ريال","5","5","4000 م²","السعر : 1,600,000 ريال
            فيلا للبيع في شارع الجامعة ، حي الملز ، الرياض ، الرياض
الواجهة جنوب3 غرف نومشقة4 صالاتدورتا مياةعرض الشارع 10 مترعمر العقار اقل من 6 سنواتحوشمطبخملحقالمساحة 400 متر مربع ......للتواصل 0564440142 .................ال...","قبل 3 اسابيع"
"فيلا للبيع في شارع حماد الراوية ، حي منفوحة ، الرياض ، الرياض","140,000 ريال","1","2","94 م²","للبيع بيت قديم غير مؤجر حاليا في حي استثماري قابل للتعديل
 التواصل واتس اب","قبل 3 اسابيع"
"فيلا للبيع في طريق الخرج ، حي الخالدية ، الرياض ، الرياض","1,200,000 ريال","5","5","400 م²","عباره عن فيلا وثلاث شقق من اربع غرف وصاله علي شارع 20 قريبه الخدمات والمدارس والمطاعم والمسجد  وثلاث عدادت عمر العقار 6سنوات  التواصل وتساب 0594263977","قبل 3 اسابيع"
"فيلا للبيع في شارع حمد بن عتيق ، حي الفاروق ، الرياض ، الرياض","1,000,000 ريال","7","4","500 م²","فيلا بحي الفاروق على شارع 30 م (شارع حمد بن عتيق) قريبه من المنطقة الصناعيه ، شرق محطة القطار وشمال شركة الكهرباء بالملز 
للمفاهمة ابوصالح 0509855535
او للايجار","قبل شهر"
"فيلا للبيع في الطريق الدائري الجنوبي ، حي العزيزية ، الرياض ، الرياض","1,570,000 ريال","5","5","500 م²","فيلا دور وثلاث شقق بحي الخانشليله موقع متميز قريب جدا من الخدمات 
الفيلا عباره عن مدخل سياره, مجلس خارجي, مجلس رجال, مجلط ,صاله ,مجلس نساء ,مطبخ, ثلاث غرف نوم, كل غرفه بحمام مستقل.
بها ثلاث شقق منهم شقه 4غرف وشقتين ثلاث غرف
التواصل عن طريق الواتساب","قبل 4 ايام"
"فيلا للبيع في شارع احمد البغدادي ، حي اليمامة ، الرياض ، الرياض","800,000 ريال","7","5","500 م²","السلام عليكم ورحمه الله وبركاته متابعين الكرام : 
فله تجاريه سكني مساحتها ٥٠٠،٧ متر للبيع في حي اليمامه مكونه من :
الدور الارضي : ٧ غرف وصاله ومطبخ ودورتين مياه اكرمكم الله ومدخل سياره يتسع لثلاث سيارات
الدور العلوي : ٨ غرف وصاله ومطبخ ودورتين مياه...","قبل 4 ايام"
"فيلا للبيع في شارع 8681-8733 ابي برزة الاسلمي, الضباط, الرياض","1,500,000 ريال","5","5","520 م²","فيلا للبيع بقيمه ارض نظام البناء في الشارع 3ادوار او 4","قبل 3 اسابيع"
"فيلا للبيع في شارع القنادي ، حي العمل ، الرياض ، الرياض","1,000,000 ريال","5","3","500 م²","فيلا قديمة للبيع 
البيع لأعلى سوم","قبل 23 ساعة"
"فيلا للبيع في شارع ام القوين ، حي جرير ، الرياض ، الرياض","3,000,000 ريال","7","5","1350 م²","فيلا للبيع في شارع ام القوين ، حي جرير ، الرياض ، الرياضقبل 6 ايام3,000,000 ريال1350 م²5 7 فيلا مجددة بالكامل بحي الربوة مسطحات خضراء
سباكة جديدة
كهرباء جديد
الفيلا غاية المستخدم خالية من الصدوع والتشققات
7 غرف نوم 
مجالس مفتوحة
افلح من ذكر الله 
دمتم بود .   حي جرير - الرياض","قبل 6 ايام"
"فيلا للبيع في شارع البكيرية ، حي الفاروق ، الرياض ، الرياض","900,000 ريال","7","5","500 م²","فيلا للبيع في شارع البكيرية ، حي الفاروق ، الرياض ، الرياضقبل اسبوع900,000 ريال500 م²5 7 حي الفاروق مساحتها 500م  على ثلاثة شوارع البيع  مليون 
شارع غربي 30 مدخل للسيارة وشارع شمالي 10 مدخل للنساء وشارع شرقي 15 مدخل للرجال
الفناء الخارجي: يحتوي على مظلة للسيارة 
وملحق خارجي 
بالإضافة غرفة للسائق.
الدور الأرضي:
 يتكون من مجلس للرجال وحمام...   حي الفاروق - الرياض","قبل اسبوع"
"فيلا للبيع في شارع أم رومان ، حي الضباط ، الرياض","3,600,000 ريال","6","5","2000 م²","فيلا للبيع في شارع أم رومان ، حي الضباط ، الرياضقبل اسبوع3,600,000 ريال2000 م²5 6 فله موجره علي مدرسه بعقد سنوي 300 الف دفعتين امكانيه تمديد العقد لمن يرغب 
شارعين زاويه جنوبي15م غربي 10م امامها  حديقه 
مسومه ب2 مليون 500   حي الضباط - الرياض","قبل اسبوع"
"فيلا للبيع في شارع ابي الرضا المقرئ ، حي الزهراء ، الرياض ، الرياض","550,000 ريال","5","2","275 م²","فيلا للبيع في شارع ابي الرضا المقرئ ، حي الزهراء ، الرياض ، الرياضقبل اسبوع550,000 ريال275 م²2 5 فله قديمة للبيع
 دور واحد في حي الزهراء مساحتها ٢٧٥ متر 
عرضها على الشارع ١٢.٥
ودخولها ٢٢.٥
آخر سومه لها 550 الف
للتواصل ( نداء غازى ٠٥٣١٢٨٠٤٥٤ )   حي الزهراء - الرياض","قبل اسبوع"
"فيلا للبيع في شارع المعتمد بن عباد ، حي المربع ، الرياض ، الرياض","999,600 ريال","4","1","357 م²","فيلا للبيع في شارع المعتمد بن عباد ، حي المربع ، الرياض ، الرياضقبل 3 اسابيع999,600 ريال357 م²1 4 فيلا للبيع بيقمة الارض  واجهة جنوب شرق شارع جنوب ٨ شرق شارع ٦متر   حي المربع - الرياض","قبل 3 اسابيع"
"فيلا للبيع في شارع ابن سعادة ، حي الربوة ، الرياض","5,000,000 ريال","7","5","2508 م²","فيلا للبيع في شارع ابن سعادة ، حي الربوة ، الرياضقبل اسبوع5,000,000 ريال2508 م²5 7 السلام عليكم ، للبيع كمباوند صغير على ٣ شوارع مساحة الأرض ٢٥٠٨ متر المبنى عبارة عن ٨ فلل كل فلتين متلاصقه و فلتين مستقلات المجموع ١٠ فلل
-
موقع الفيلل , حي الربوة شارع الأمير محمد بن عبدالعزيز آل سعود
-
السعر : على السوم
الضريبة على المشتري و السوم ل...   حي الربوة - الرياض","قبل اسبوع"
"فيلا للبيع في شارع حمد التويجري ، حي المنصورة ، الرياض ، الرياض","950,000 ريال","5","4","500 م²","فيلا للبيع في شارع حمد التويجري ، حي المنصورة ، الرياض ، الرياضقبل اسبوع950,000 ريال500 م²4 5 للبيع فله مستخدمه بناء شخصي في حي المنصوره موقع مميز قريب من الخدمات والمرافق العامه تحتوي على 
ملحق خارجي مدخل سياره غرفتين بدورة مياه في الحوش
الدور الارضي استقبال مجلس ومقلط وصاله ومطبخ وغرفة بدورة مياه الدور العلوي نفس التفصيل والسطح غرفة بحمام
م...   حي المنصورة - الرياض","قبل اسبوع"
"فيلا للبيع في شارع تميم بن بشر ، حي الضباط ، الرياض ، الرياض","2,500,000 ريال","7","4","1250 م²","فيلا للبيع في شارع تميم بن بشر ، حي الضباط ، الرياض ، الرياضقبل اسبوع2,500,000 ريال1250 م²4 7 فيلا بحي الضباط بمساحة كبيرة والبناء بحالة جيدة قسمين كل قسم سكن مستقل دور ارضي وملحق التفاصيل من خلال المعاينة
حالة العقار جيدة جدا
قريبة من مستشفى قوى الامن بالملز
التواصل فقط واتساب   حي الضباط - الرياض","قبل اسبوع"
"فيلا للبيع في شارع النبهانية ، حي الربوة ، الرياض ، الرياض","5,500,000 ريال","5","5","562 م²","فيلا للبيع في شارع النبهانية ، حي الربوة ، الرياض ، الرياضقبل اسبوع5,500,000 ريال562 م²5 5 فلة تصميم ملكي ومساحات واسعة ومستغلة بالكامل
 مساحتها ٥٦٢ في حي الربوة فيها شقتين و مصعد 
زاوية شمالية شرقية شوارع ٢٠ 
الدور الارضي استقبال ( مجلس رجال ومجلس نساء وملحق خارجي و مسبح وغرفة سائق )
الدور الاول اربع غرف نوم كل غرفة بحمامها وجلسة 
و ي...   حي الربوة - الرياض","قبل اسبوع"
"فيلا للبيع في شارع التمامي ، حي الخالدية ، الرياض ، الرياض","800,000 ريال","5","5","425 م²","فيلا للبيع في شارع التمامي ، حي الخالدية ، الرياض ، الرياضقبل اسبوع800,000 ريال425 م²5 5 فيلا ( أدوار منفصله )للبيع: 800.000 
المساحة: 425م 
الموقع: شارع التمامي مقابل مدرسة لامام احمد المتوسطه من الجهه الجنوبية. 
قريبة من مسجد. 
قريبة جداً من الخدمات و من مدارس الابتدائي المتوسط الثانوي ... 
متوفر الكهرباء و الماء و الألياف البصرية و ال...   حي الخالدية - الرياض","قبل اسبوع"
"فيلا للبيع في شارع التمامي ، حي الخالدية ، الرياض ، الرياض","800,000 ريال","5","5","425 م²","فيلا للبيع في شارع التمامي ، حي الخالدية ، الرياض ، الرياضقبل اسبوع800,000 ريال425 م²5 5 فيلا ( أدوار منفصله )للبيع: 800.000 
المساحة: 425م 
الموقع: شارع التمامي مقابل مدرسة لامام احمد المتوسطه من الجهه الجنوبية. 
قريبة من مسجد. 
قريبة جداً من الخدمات و من مدارس الابتدائي المتوسط الثانوي ... 
متوفر الكهرباء و الماء و الألياف البصرية و ال...   حي الخالدية - الرياض","قبل اسبوع"
"فيلا للبيع في شارع القلعة البيضاء ، حي الربوة ، الرياض ، الرياض","1,550,000 ريال","5","4","440 م²","فيلا للبيع في شارع القلعة البيضاء ، حي الربوة ، الرياض ، الرياضقبل اسبوع1,550,000 ريال440 م²4 5 للبيع فلة في منطقة راقية في الربوة قريبة من حديقة ومسجد
المساحة 440 متر 
الاطوال 22 على الشارع في 20 عمق
العمر 30 سنة
تصميم ممتاز وغرف واسعة
السعر 1،550،000
التواصل على الجوال 0500002004   حي الربوة - الرياض","قبل اسبوع"
"فيلا للبيع في شارع زيد بن الخطاب ، حي الصناعية القديمة ، الرياض ، الرياض","1,400,000 ريال","7","5","428 م²","فيلا للبيع في شارع زيد بن الخطاب ، حي الصناعية القديمة ، الرياض ، الرياضقبل اسبوع1,400,000 ريال428 م²5 7 🔶فيلا للبيع بحي الملز قريبه من سكة الحديد
المساحه 400 متر
شارع 20
دورين وملحق 
📌الدور الاول مؤجر ب ٤٠ الالف
2غرفه نوم_ وصاله _مجلس ومقلط _ وغرفة نساء _ 3 دورات مياه _ مطبخ _ ملحق خارجي _ مستودع خلفي 
📌والدور الثاني مؤجر ب ٤٠ الالف
٢غرفه نوم _ وصا...   حي الصناعية - الرياض","قبل اسبوع"
"فيلا للبيع في الطريق الدائري الجنوبي الفرعي ، حي المنصورة ، الرياض ، الرياض","950,000 ريال","5","3","276 م²","فيلا للبيع في الطريق الدائري الجنوبي الفرعي ، حي المنصورة ، الرياض ، الرياضقبل اسبوع950,000 ريال276 م²3 5 درج صاله وشقه 
قريب من الدائري 
جنوبيه 
جديد 
شارع 20 
مساحه 276
السعر حد 950 غيرقابل لتفاوض
A00001   حي المنصورة - الرياض","قبل اسبوع"
"فيلا للبيع في شارع ابن حمدية ، حي الخالدية ، الرياض ، الرياض","820,000 ريال","5","5","600 م²","فيلا للبيع في شارع ابن حمدية ، حي الخالدية ، الرياض ، الرياضقبل اسبوع820,000 ريال600 م²5 5 فيلا مستخدم 
دورين مفصوله
مؤجره 39 الف
نظرة الغد
تقدم لكم افضل
الحلول التمويليه
لامتلاك بيت العمر
بالتقسيط المريح 
ونقدم لكم جميع 
الخدمات التمًويليه
ونقوم بجميع 
الاجراءات بالبنوك 
تحويل راتب
من بنك لبنك
اخر
نسدد لكم جميع 
تعثراتكم 
وتو...   حي الخالدية - الرياض","قبل اسبوع"
"فيلا للبيع في شارع وادي الغمار ، حي المنصورة ، الرياض","1,590,000 ريال","5","3","725 م²","فيلا للبيع في شارع وادي الغمار ، حي المنصورة ، الرياضقبل اسبوع1,590,000 ريال725 م²3 5 فيلا دبلكس 725 متر. عباره عن 4 وحدات مستقله بمداخل خاصه. مع ملحقين بالسطح. مع امكانيه بناء شقتين بالسطح. تصلح للسكن والاستثمار. الدخل 130٫000 قابل للزياده بعد البناء في السطح. مؤجره بالكامل. لمزيد من المعلومات الرجاء التواصل هاتفيا وشكرا   حي المنصورة - الرياض","قبل اسبوع"
"فيلا للبيع في شارع ابي يوسف الحراني ، حي الربوة ، الرياض ، الرياض","1,550,000 ريال","5","3","412 م²","فيلا للبيع في شارع ابي يوسف الحراني ، حي الربوة ، الرياض ، الرياضقبل اسبوع1,550,000 ريال412 م²3 5 فله نظيفة مرممه كامل 
ترميم علي مستو سباكه كل البيت حراري 
كهرباء كله جديد ديكورات علي مستو 
البيت أخت الجديد مبلغ الترميم حوالي 350 الف أو أكثر شغل بدقة 
الفله تتكون من
دور 
دور 
شقة 
غاز مركزي مطابخ راكبه الثلاثة الدور الي جانب السترحة 
فيهامجلس وم...   حي الربوة - الرياض","قبل اسبوع"
"فيلا للبيع في شارع الخطاط ، حي اليمامة ، الرياض","660,000 ريال","5","5","632 م²","فيلا للبيع في شارع الخطاط ، حي اليمامة ، الرياضقبل 3 ايام660,000 ريال632 م²5 5 فله سكنيه مرممه بالكامل  بحي اليمامه 
قرب شارع سالم بن معقل 
مساحتها 632م
 الدور الأرضي 7 غرف وصاله  وأربع حمامات وغرفة للسواق والشغاله وشقتين مبنيه حديثا والشقه الثالثه مرممه بالكامل 
  الحد 660.000الف 
عبدا لله المنيع للعقارات 
0531947464   حي اليمامة - الرياض","قبل 3 ايام"
"فيلا للبيع في شارع سلمون بن علي ، حي الوشام ، الرياض ، الرياض","800,000 ريال","4","3","305 م²","فيلا للبيع في شارع سلمون بن علي ، حي الوشام ، الرياض ، الرياضقبل 5 ايام800,000 ريال305 م²3 4 فيلا تم ترميمها قبل سنتين  بالكامل  نظيفة جدا  موقعها مميز وسط المدينه لاينقطع المياء فيها وجود خزانين  فيها دور وشقتين   حي الوشام - الرياض","قبل 5 ايام"
"فيلا للبيع في شارع البشور ، حي الربوة ، الرياض ، الرياض","950,000 ريال","7","5","300 م²","فيلا للبيع في شارع البشور ، حي الربوة ، الرياض ، الرياضقبل اسبوعين950,000 ريال300 م²5 7 للبيع فله مرممه مساحتها ٣٠٠ مقسمه لثلاث ادوار الدور الارضي ضيافه فيه صالتين ومقلط ومطبخ وثلاث دورات مياه وملحق خارجي بحمامه وغرفة خادمه بحمامها ومدخلين سياره  والدور الثاني اربع غرف وثلاث دورات مياه والثالث اربع غرف مع الصاله ودورة مياه ومطبخ .. يمكن...   حي الربوة - الرياض","قبل اسبوعين"
"فيلا للبيع في شارع الحصين بن حمام المري ، حي الربوة ، الرياض ، الرياض","1,500,000 ريال","5","5","510 م²","(فيلا بحي الربوه )
المواصفات: الحوش يوجد مجلس ودورة مياه وغرفه زجاج مطله على شلال ./
الدور الارضي مكون من (مدخل رجال مكون من مجلس ومقلط ومغاسل ودورات مياه)+(مدخل حريم به صاله كبيره ودورات مياه ومطبخ)
الدور الأول مكون من (اربع غرف نوم ودورتين مياه +...","قبل يومين"
"فيلا للبيع في شارع الجامع الاموي ، حي المنصورة ، الرياض","2,000,000 ريال","7","5","800 م²","للبيع فيلا خاصة (قصر مصغر) حي المنصوره واجهة غربيه ع شارع عشرين مؤثثة لتواصل جوال رقم  0544282725 المالك","قبل 3 ايام"
"فيلا للبيع في شارع ابي الغنائم البغدادي ، حي الزهراء ، الرياض ، الرياض","785,000 ريال","7","5","535 م²","فيلا بحى الزهراء شارعين شرقى جنوبى موقع مميز وهادى بناء قديم وحاله العقار جيد ماشاء الله 
سوم ٧٨٥٠٠٠
للتواصل ( نداء غازى ٠٥٣١٢٨٠٤٥٤ )","قبل 17 ساعة"
"فيلا للبيع في شارع سيار البصري, النموذجية, الرياض","3,500,000 ريال","5","5","1680 م²","حي النوذجيه 
جنوب شرق مدارس الرياض
شمال شرق الحرس الملكي","قبل 5 ايام"
"فيلا للبيع في شارع ابي المحاسن بن القطب ، حي الربوة ، الرياض ، الرياض","1,499,000 ريال","7","5","625 م²","فيلا بقيمة أرض 
دورين مفصوله شارع شرقي 
منطقه هادئة وراقية جداً مداخلها ومخارجها مميزه وسهلة 
البيع بقيمة ارض
الاطوال والعمق 25x25","قبل 4 ايام"
"فيلا للبيع في شارع دارين ، حي الربوة ، الرياض ، الرياض","1,500,000 ريال","5","3","700 م²","فيلا. للبيع.   موقع.  مميز.     دورين.    و. بها.   مسبح.    و.  ملحق.    سواق.   و. غرفه. خادمه.       و. قريبه.   من. من.     مسجد.      و. بها.    ٣.   عدادات.   كهربا.","قبل 5 ايام"
"فيلا للبيع في شارع الذواكرة ، حي الربوة ، الرياض ، الرياض","3,000,000 ريال","7","5","660 م²","ڤيلا مساحتها 660 م مربع
مكونه من اربع ادوار /
البدروم / صالة ٨*١٠،مطبخ،سفرة اكل ،مسبح،دورتين مياه مع مغاسل + شاور المسبح .
الدور الاول/صالة كبيرة مفتوحة فيها ثلاث جلسات وسفرة طعام تطل على الحديقة والشلال ،ملحق صغير عائلي فيه مشب متنقل ،غرفة ضيوف ،ملح...","قبل 4 ايام"
"فيلا للبيع في شارع دارين ، حي الربوة ، الرياض ، الرياض","1,600,000 ريال","5","5","700 م²","الفله قديمه لها اكثر من ٣٥ سنه
مساحتها ٧٠٠
شارع ٢٠
حي الربوه
مصممه قديما على انها دور ارضي وشقتين فوق لكن تم استخدامها بالكامل من قبل عائله","قبل 4 ايام"
"فيلا للبيع في شارع أحمد الهواري ، حي المربع ، الرياض ، الرياض","783,000 ريال","5","2","356 م²","فيلا في حي المربع قديمة  البيع بقيمة ارض في حارة هادئة جداً الحد للمتر ٢٢٠٠ و السوم واصل ٢٠٠٠ للمتر من زبون جاد 
 للتواصل / 
ابو فيصل 0503488766","قبل 6 ايام"
"فيلا للبيع في شارع صالح الشتري ، حي الفوطة ، الرياض ، الرياض","2,600,000 ريال","7","5","1128 م²","فله قديمه","قبل 5 ايام"
"فيلا للبيع في شارع حامد الاصبهاني ، حي جرير ، الرياض ، الرياض","1,300,000 ريال","5","5","296 م²","فيلا دورين وشقه
الحي جرير
المساحه ٢٩٦
الواجهه الجنوبيه
الدور الارضي🌹🌹🌹🌹
مجلس ومقلط
وصاله ومطبخ
وغرفتين نوم
حمامين
الدور العلوي🌹🌹🌹🌹🌹🌹
٤ غرف وحمامين ومطبخ وصاله
الشقه 🌺🌺🌺🌺🌺
غرفتين وصاله وحمام ومطخ وسطح
عليها بنك ب ٣٦٠ الف وسيمة ب ٨٥٠ غير...","قبل 5 ايام"
"فيلا للبيع في شارع الامام عبدالله بن ثنيان ال سعود ، حي الربوة ، الرياض ، الرياض","1,800,000 ريال","4","5","562 م²","عرض مباشر عندي من المالك مباشرة 
أرض عليها فيلا قديمة الموقع متميز حي القصور شرق شارع الأحساء خلف مكتبة جرير واسواق التميمي 
منطقة قصور راقية وجميع الخدمات مكتملة
- المساحة ٥٦٢ متر
شارعين غربي ٢٠ وشمالي ١٠ 
الصك شامل محدث
مفصولة دورين الدور الارض...","قبل 5 ايام"
"فيلا للبيع في شارع ابن يحيى الشريف ، حي الربوة ، الرياض ، الرياض","1,550,000 ريال","5","5","650 م²","فله بالربوه مساحه 650 متر العرض 20 متر مرممه من 7 سنوات ممتازه حي هادى المدارس والمسجد قريب 
منطقه واعده عدد 4 شقق ودور ثلاث شقق اصليه 
السعر غير قابل للتفاوض لا يوجد سعي ولا ضريبه 
للتواصل 0505239305 واتساب فقط","قبل 5 ايام"
"فيلا للبيع في شارع الامير عبدالله بن جلوي بن تركي ، حي الفوطة ، الرياض ، الرياض","1,600,000 ريال","5","4","690 م²","فله قديمه","قبل 5 ايام"
"فيلا للبيع في شارع الامام عبدالله بن ثنيان ال سعود ، حي الربوة ، الرياض ، الرياض","7,300,000 ريال","7","5","2508 م²","للبيع قصر 2508م زاوية شوارع / شرقي 20 شمالي 20 الاطوال 50.8 شرقي 50.8شمال  صك الاكتروني 
العمر ٢٧ سنة ٧ اجنحة وصوالين كبيرة ٤ وصالات ٣ 
وحمامات كرمتم ١٨ وملاحق رجال خاص ومسبح نظام اوفر فلوت و٣ مطابخ ٢ داخلي 
وعدد ٢ غرف خادمات جهت المطابخ الخارجي وعدد...","قبل 5 ايام"
"فيلا للبيع في شارع ابراهيم ابي سلمة ، حي منفوحة الجديدة ، الرياض ، الرياض","300,000 ريال","5","4","295 م²","للبيع فلة في منفوحة
دورين مفصولة
المساحة ٢٩٥ م
مؤجر ب ٢٨ الف
السوم ٢٦٠ الف
البيع ٣٠٠ الف","قبل 5 ايام"
"فيلا للبيع في شارع عبدالعزيز النمر ، حي الربوة ، الرياض","20,000,000 ريال","5","5","3650 م²","قصر 
٣٦٥٠ متر 
٦ غرف نوم مع غرفة رئيسية
استقبال صالات
مسبح
مطبخ
مسطحات خضرا 
٤ غرف خدم وغسيل","قبل 5 ايام"
"فيلا للبيع في شارع ثابت بن عدي ، حي الضباط ، الرياض ، الرياض","575,000 ريال","7","5","250 م²","فله  استثماريه للبيع للبيع بحي مشرفه مكونه من خمس شقق كل شقة بعدادكهرباء البيع علي السوم","قبل 6 ايام"
"فيلا للبيع في شارع ابن ابي الجيش ، حي الضباط ، الرياض ، الرياض","1,500,000 ريال","5","4","557 م²","للبيع فيلا بالملز حي الضباط 
المساحة ٥٥٧.٥٥متر  شارع ١٥ جنوبا الاطوال 21×26.55
البيع على السوم الفيلا قابله للترمييم او البيع كارض للمستثمر","قبل 6 ايام"
"فيلا للبيع في شارع ابن الخلال ، حي اليمامة ، الرياض ، الرياض","250,000 ريال","4","3","255 م²","فلة قديمه للبيع في حي اليمامه 250م
جنوبيه شارع 12م غربيه ممر 8م
الفلة عبارة عن دور ارضي مستقل 
وشقتين ، مؤجرة بالكامل 20 الف .
السوم 250 الف ، البيع قريب .
للتواصل /
0500141485
0508249524","قبل 6 ايام"
"فيلا للبيع في شارع المعتمد بن عباد ، حي المربع ، الرياض ، الرياض","1,039,400 ريال","1","1","475 م²","فيلا للبيع في شارع المعتمد بن عباد ، حي المربع ، الرياض ، الرياضقبل يومين1,039,400 ريال475 م²1 1 العقار عبارة عن فيلا تقع شمال حي المربع   حي المربع - الرياض","قبل يومين"
"فيلا للبيع في شارع السلوى ، حي الربوة ، الرياض ، الرياض","2,475,000 ريال","5","4","750 م²","فيلا للبيع في شارع السلوى ، حي الربوة ، الرياض ، الرياضقبل يومين2,475,000 ريال750 م²4 5 فلة للبيع عمرها ٤٠ سنة 
٣٠x٢٥ 
عرضها على الشارع ٢٥
عرض الشارع ٢٠
مقابل الملتقى
واجهتها شرق
حد ٢،٤٧٥،٠٠٠   حي الربوة - الرياض","قبل يومين"
"فيلا للبيع في شارع يحيى السرقسطى ، حي المنصورة ، الرياض ، الرياض","900,000 ريال","2","2","270 م²","فيلا للبيع في شارع يحيى السرقسطى ، حي المنصورة ، الرياض ، الرياضقبل يوم900,000 ريال270 م²2 2 الدور الارضي حوش و مجلس و مقلط و صاله و مطبخ و غرفيت نوم و الدور الاول  مجلس و مقلط و صاله و مطبخ و غرفيت نوم و الدور الثاني شقه غرفتين نوم و مطبخ و صاله و سطح   حي المنصورة - الرياض","قبل يوم"
"فيلا للبيع في شارع ابي يوسف الحراني ، حي الربوة ، الرياض ، الرياض","1,400,000 ريال","7","5","413 م²","فيلا للبيع في شارع ابي يوسف الحراني ، حي الربوة ، الرياض ، الرياضقبل يومين1,400,000 ريال413 م²5 7 تتكون من ثلاثة أدوار مفصولة:
الدور الارضي*: ثلاث غرف نوف، مجلس، مقلط، صالة، ومطبخ ودورتين مياه، بالاضافة الى غرفة خادمة مع حمامها. 
بالاضافة الى حمام خارجي بالحوش 
*الدور الثاني*: ثلاث غرف كبيره وصاله وحمامين ومطبخ 
*الدور الثالث* (بنيان جديد): ثلاث ...   حي الربوة - الرياض","قبل يومين"
"فيلا للبيع في شارع عبدالله بن عبداللطيف آل الشيخ ، حي المربع ، الرياض ، الرياض","2,782,300 ريال","1","1","1250 م²","فيلا للبيع في شارع عبدالله بن عبداللطيف آل الشيخ ، حي المربع ، الرياض ، الرياضقبل يومين2,782,300 ريال1250 م²1 1 تفاصيل العقار عبارة عن فيلا سكنية   حي المربع - الرياض","قبل يومين"
"فيلا للبيع في شارع محمد المطوع ، حي المنصورة ، الرياض ، الرياض","1,600,000 ريال","7","5","600 م²","فيلا للبيع في شارع محمد المطوع ، حي المنصورة ، الرياض ، الرياضقبل يوم1,600,000 ريال600 م²5 7 فيلا للبيع مساحة 600م واجهة شمالية دورين مستقلة الفيلا نظيفه وموقعها مميز 
الحد 1600000 صافي   حي المنصورة - الرياض","قبل يوم"
"فيلا للبيع في شارع عبدالمجيد الخطي ، حي الربوة ، الرياض ، الرياض","4,600,000 ريال","5","5","667 م²","فيلا للبيع في شارع عبدالمجيد الخطي ، حي الربوة ، الرياض ، الرياضقبل يومين4,600,000 ريال667 م²5 5 يسعدنا ان نقدم لكم عرضا مميزا 
فيلا درج صاله دوبلكس  جنوبيه  
مساحه ٦٦٧ م  
  شارع ٢٠ م
قريبه من الخدمات موقعها ممتاز 
السعر٤ مليون ٦٠٠الف مع العفش                                           
تصلح سكن واستثمار                
تشطيب ممتاز في حي الربوه ...   حي الربوة - الرياض","قبل يومين"
"فيلا للبيع في طريق الأمير فهد بن سلمان بن عبدالعزيز ، حي النموذجية ، الرياض ، الرياض","3,000,000 ريال","7","5","948 م²","فيلا للبيع في طريق الأمير فهد بن سلمان بن عبدالعزيز ، حي النموذجية ، الرياض ، الرياضقبل يوم3,000,000 ريال948 م²5 7 فيلا قديمة على اربعة شوارع 
قريبة من طريق الملك فهد 
وعلى شارع الأمير فهد بن سلمان بن عبدالعزيز 
تجارية سكنية 
بجوار الضمان الاجتماعي 
سوم ٢ مليون 
فرصة استثمارية 
البيع بقيمة الأرض 
على السوم   حي النموذجية - الرياض","قبل يوم"
"فيلا للبيع في شارع الامير سعود بن عبدالرحمن الثاني ، حي المنصورة ، الرياض ، الرياض","1,550,000 ريال","5","5","500 م²","فيلا للبيع في شارع الامير سعود بن عبدالرحمن الثاني ، حي المنصورة ، الرياض ، الرياضقبل يومين1,550,000 ريال500 م²5 5 مواصفات الفيلا 
عباره عن دور  وثلاث شقق 
موصفات الدور مشب ومجلس ومقلط وصاله كبيره وأربع غرف نوم ماسترو ومطبخ ومستودع 
مواصفات الشقق 
مجلس ومقلط وصاله وغرفتين نوم وحمامين ومطبخ 
الموقع غير محدد تواصل 0530146365
0594263977   حي المنصورة - الرياض","قبل يومين"
"فيلا للبيع في شارع الحسي ، حي الوشام ، الرياض ، الرياض","700,000 ريال","7","5","500 م²","فيلا للبيع في شارع الحسي ، حي الوشام ، الرياض ، الرياضقبل يومين700,000 ريال500 م²5 7    حي الوشام - الرياض","قبل يومين"
"فيلا للبيع في شارع الهداء ، حي الربوة ، الرياض ، الرياض","5,000,000 ريال","5","5","562 م²","فيلا للبيع في شارع الهداء ، حي الربوة ، الرياض ، الرياضقبل يومين5,000,000 ريال562 م²5 5 (فيلا مودرن للبيع بحي الربوه""حي القصور"" )
الدور الارضي(مجلس رجال ومجلس حريم ودورتين مياه ومطبخ خارجي بمستودع)
الدور الاول (4 غرف كل غرفه بدورة مياه وصاله*الماستر يوجد بها بلكونه*)
الدور الثاني( شقتين الاولى غرفة نوم وصاله ودورة مياه ومطبخ والشقه الث...   حي الربوة - الرياض","قبل يومين"
"فيلا للبيع في شارع نصاب ، حي غبيرة ، الرياض ، الرياض","115,000 ريال","5","4","100 م²","فيلا للبيع في شارع نصاب ، حي غبيرة ، الرياض ، الرياضقبل يومين115,000 ريال100 م²4 5 فلة دورين كل دور ٤ غرف
مؤجرة بالكامل لعزاب
دخلها ١٥ الف
السعر على السوم واصل ١١٥ الف 
للتواصل ٠٥٣٣٣١٠٠٨٤   حي غبيرة - الرياض","قبل يومين"
"فيلا للبيع في شارع الطارق ، حي اليمامة ، الرياض ، الرياض","650,000 ريال","5","5","300 م²","فيلا للبيع في شارع الطارق ، حي اليمامة ، الرياض ، الرياضقبل يومين650,000 ريال300 م²5 5 Kud : B306
فيلا للبيع بحي اليمامة ٣٠٠م مرمم كامل حديثه قرب من الشفا والدائري 
مواصفات الفيلا : 
الدور الارضي : مجلس ومقلط وغرفه وصالتين للضيافه ،
ومشب خارجي وحوش و٣ دورات المياة ومطبخ ومخزن ومدخل سيارتين ودرج صالة غرفتين نوم ودورة المياة وسطح فيها غ...   حي اليمامة - الرياض","قبل يومين"
"فيلا للبيع في شارع الامام عبدالله بن ثنيان ال سعود, الربوة, الرياض","7,400,000 ريال","7","5","2517 م²","فيلا للبيع في شارع الامام عبدالله بن ثنيان ال سعود, الربوة, الرياضقبل 3 ايام7,400,000 ريال2517 م²5 7 قصر للبيع بحالة ممتازة فية ملاحق خارجية خاصة و عدد 6  مع غرفة خدم  وعدد 2 للغسيل 
 مدخلين لدخول وخروج السيارات
كراج لعدد٦ سيارات مدخل خاص  
مسطحات زراعية  القصر راكب حجر وقرميد
القصر من الداخل كله رخام والاجنحة ٦ كلها الدواليب منجورة مكيفات وحدات مخف...   حي الربوة - الرياض","قبل 3 ايام"
"فيلا للبيع في شارع ابي الخير الحربي ، حي المنصورة ، الرياض","2,150,000 ريال","7","5","1250 م²","فيلا للبيع في شارع ابي الخير الحربي ، حي المنصورة ، الرياضقبل 3 ايام2,150,000 ريال1250 م²5 7 الفيلا 
على ٣ شوارع
شارع ٢٠ جنوبي
شارع ١٠ غربي
شارع ١٥ شرقي
المساحة ١٢٥٠م 
فله كبيرة 
وحوش كبير وبيت شعر
 وملحق مع دورة مياة مسلح
العرض مباشر ونرحب بالوسطاء
ابو سعد : 0553725356   حي المنصورة - الرياض","قبل 3 ايام"
"فيلا للبيع في شارع حيدر اباد ، حي الخالدية ، الرياض ، الرياض","1,200,000 ريال","5","5","312 م²","فيلا للبيع في شارع حيدر اباد ، حي الخالدية ، الرياض ، الرياضقبل يومين1,200,000 ريال312 م²5 5 عباره دور ودور وملحق علي شارع 20 بجوار المسجد والخدمات تقبل البنك والكاش
يوجد ضمانات علي العقار 
ملاحظه 
كل دور بصك لوحده   حي الخالدية - الرياض","قبل يومين"
"فيلا للبيع في شارع شكيب ارسلان ، حي الخالدية ، الرياض ، الرياض","800,000 ريال","4","2","600 م²","فيلا للبيع في شارع شكيب ارسلان ، حي الخالدية ، الرياض ، الرياضقبل يومين800,000 ريال600 م²2 4 دورين مفصوله
موجر ب ٣٩ الف 
الارضي ٢١
العلوي ١٨
على السوم   حي الخالدية - الرياض","قبل يومين"
"فيلا للبيع في شارع المنفلوطي ، حي الزهراء ، الرياض ، الرياض","2,000,000 ريال","3","5","875 م²","فيلا للبيع في شارع المنفلوطي ، حي الزهراء ، الرياض ، الرياضقبل يومين2,000,000 ريال875 م²5 3 فيلا واسعة ومجددة بالكامل - كراج ومظلة تتسع ل ثلاث سيارات. 
صالتين علوية وسفليه، حديقة واسعه ومنطقة شواء ومنطقة العاب للأطفال مسبح مع جلسه صيفية زجاجية مكيفة ومثلها علوية كمكتب شخصي.
شبكة كاميرات موصلة وجاهزة لمراقبة المنزل من صالة العائلة اليومية.
ت...   حي الزهراء - الرياض","قبل يومين"
"فيلا للبيع في شارع التمامي ، حي الخالدية ، الرياض ، الرياض","1,000,000 ريال","5","2","660 م²","فيلا للبيع في شارع التمامي ، حي الخالدية ، الرياض ، الرياضقبل يومين1,000,000 ريال660 م²2 5 على السوم 
الفلا تقع بحي الخالديه
شارع ٢٠ جنوبي
دورين مفصوله   حي الخالدية - الرياض","قبل يومين"
"فيلا للبيع في شارع ابن شروان ، حي الوشام ، الرياض ، الرياض","500,000 ريال","5","5","238 م²","فيلا للبيع في شارع ابن شروان ، حي الوشام ، الرياض ، الرياضقبل يومين500,000 ريال238 م²5 5 *فلة إستثمارية بالوشام*
*موقع مميز*
*جنوب شارع التلفزيون*
*وقرب طريق الملك فهد*
*مساحتها 238م*
*زاوية شارعين 6و8م*
*العمر 30سنه*
*مجدده من الداخل تجديد حديث*
*نظام البناء على الصامت*
*مؤجرة حاليا  على شركة بعقد واحد*
*مدة العقد ٧ سنوات*
*الدخل  60....   حي الوشام - الرياض","قبل يومين"
"فيلا للبيع في شارع رنية ، حي المنصورة ، الرياض ، الرياض","1,200,000 ريال","5","4","420 م²","فلة نصف دبلكس نظيفة جدا 
دورين كل دور ٥ غرف ٤ دورات مياه  مدخل سيارة مستقل 
وملحق بالسطح 
البيع كاش","قبل يوم"
"فيلا للبيع في شارع عبدالله بن صالح بن مشخص ، حي الفاروق ، الرياض ، الرياض","1,100,000 ريال","7","5","500 م²","للبيع فيلا بحي الفاروق مساحتها 500متر . العقار مؤجر بالكامل  
دورين مفصوله 
دور ارضي مجدد قبل سنتين ومدخل سياره 
والدور الثاني مفصول شقتين بعداد كهرب واحد 
🛑🛑🛑🛑
على السوم والتواصل واتس فقط","قبل 16 ساعة"
"فيلا للبيع في حديقة النهضة ، طريق النهضة ، حي جرير ، الرياض ، الرياض","2,000,000 ريال","5","5","400 م²","من المالك مباشرة 
ممنوع دخول الوسطاء 
فيلا جديدة دور + دور + شقة 
دورين مفصولة وشقة 
الدور الأرضي فيه ملحق خارجي وغرفة خادمة 
لا يوجد غرفة سائق 
كل دور 5 غرف وصالة 
لتنسيق موعد معاينة يرجى التواصل واتس آب فقط
لتنسيق موعد معاينة يرجى التواصل واتس...","قبل يوم"
"فيلا للبيع في شارع الأمير متعب بن عبدالعزيز ، حي الربوة ، الرياض ، الرياض","1,550,000 ريال","1","4","700 م²","للبيع فيلا في حي الربوه 
الفله قديمه لها اكثر من ٣٥ سنه
مساحتها ٧٠٠
شارع ٢٠
حي الربوه
مصممه قديما على انها دور ارضي وشقتين فوق لكن تم استخدامها بالكامل من قبل عائله
السوم مليون ٥٥٠
الحد مليون ٦٥٠","قبل يوم"
"فيلا للبيع في شارع ابي العز البغدادي ، حي الضباط ، الرياض ، الرياض","1,185,000 ريال","5","4","329 م²","فيلا موثثة مكتبيه 
المبلغ محسوب فيه الضريبة 5٪؜ بعد قرار الامر الملكي 
و السعي على المالك","قبل 20 ساعة"
"فيلا للبيع في طريق الملك فهد الفرعي ، حي الفوطة ، الرياض ، الرياض","750,000 ريال","5","5","315 م²","فله في حي الفوطه
المميزات
⬅️ قربها من طريق الملك فهد
⬅️ قربها من شركه الكهرباء
⬅️ مؤجرا حاليا 50 الف وفيه امكانيه زياده الإيجار بعد عمل تحسينات","قبل 16 ساعة"
"فيلا للبيع في شارع الحسي ، حي الوشام ، الرياض ، الرياض","1,137,000 ريال","1","2","758 م²","للبيع فله بحي الوشم الساحه 758 شارع 20 شمالي البيع كأرض على شور ب 1500
((((((((((((((((((((صلواعلى الحبيب))))))))))))))))))))))) 
((((((((((((((((رب إرحمهماكماربياني صغيرا)))))))))))))))))","قبل 10 ساعة"
"فيلا للبيع في شارع المؤرخ بن بشر ، حي الربوة ، الرياض","6,000,000 ريال","7","5","950 م²","فيلا للبيع
مساحة ٩٩٥ م
حي الربوة (القصور) قريبة من طريق وحديقة النهضة
شارع ٤٠ شرقي
شارع عام
تصميم وتشطيب ممتاز
مكون من قبو ومستودعات وملاحق وحوش كبير ومسبح  اولومبي وحديقة 
والدور الأرضي استقبال
والدور الاول ثلاث اجنحة كبيرة
اضاءه بانوراميه داخل المن...","قبل 20 ساعة"
"فيلا للبيع في شارع فضالة بن جواس ، حي المنصورة ، الرياض","1,700,000 ريال","5","4","825 م²","فلة دور ارضي درج داخلي وشقة مسروقة
وشقة مفصولة ٤غرف وصالة
على  السوم","قبل يوم"
"فيلا للبيع في شارع ابي حذيفة ، حي الربوة ، الرياض ، الرياض","3,375,000 ريال","3","3","1250 م²","للبيع فيلا بقيمه ارض حي الربوه
عمرها 30 سنه اطوال 25 في 50 عمق
سعر المتر 2700 
شارع 20 شمالي وممر شرقي 
الموقع غير دقيق
لتواصل ابو زياد 0551613918","قبل يوم"
"فيلا للبيع في شارع عبدالله بن صالح بن مشخص ، حي الفاروق ، الرياض ، الرياض","1,100,000 ريال","7","5","500 م²","للبيع فيلا بحي الفاروق مساحتها 500متر . العقار مؤجر بالكامل  
دورين مفصوله 
دور ارضي مجدد قبل سنتين ومدخل سياره 
والدور الثاني مفصول شقتين بعداد كهرب واحد 
🛑🛑🛑🛑
على السوم والتواصل واتس فقط","قبل 17 ساعة"
"فيلا للبيع في شارع محمود العيني ، حي غبيرة ، الرياض ، الرياض","730,000 ريال","4","2","314 م²","فرصة استثمارية 
عمارة سكنية حي غبيرا المربع الذهبي بالقرب من المدارس وسوق الوان مول
تتكون من اربع شقق كبيرة كل شقة اربع غرف وصالة ومطبخ وحمامين.
ويمكن بناء شقق جديد على السطح وبذلك زيادة الدخل.
العمارة نظيفة والمواقف متوفرة وجميع الخدمات قريبة.
قبل ...","قبل يوم"
"فيلا للبيع في شارع زرقاء اليمامة ، حي المربع ، الرياض ، الرياض","1,386,588 ريال","1","1","714 م²","العقار عبارة عن فيلا سكنية","قبل يومين"
"فيلا للبيع في شارع صالح الشاوي ، حي المنصورة ، الرياض ، الرياض","810,000 ريال","5","5","250 م²","دبلكس للبيع الموقع مخرج 24 عند نفق السويدي المساحة : 250م العمر : 12سنه تقريباً الدور الاول يوجد به مجلس رجال ودورة مياه ويوجد به مقلط و صاله ومجلس نساء . والدور الثاني يوجد اربع غرف ودوتين مياه . الدور الثالث يوجد به غرفة خادمه ودورة مياه . ملاحظه :...","قبل يوم"
"فيلا للبيع في شارع سليمان المقرئ ، حي الوشام ، الرياض ، الرياض","650,000 ريال","5","5","365 م²","فله قديمه عمرها 35 سنه مرممه قبل 3سنوات 
مواجره الدور الارضي 28الف الدورالثاني فاضي","قبل يوم"
"فيلا للبيع في شارع فاطمة الزهراء ، حي الربوة ، الرياض ، الرياض","3,300,000 ريال","5","3","1000 م²","فلة اربع وحدات في حي الربوة
٢٠x٥٠
عرضها على الشارع ٢٠
عمرها ١٩ سنة
الوحدات الارضية معها حوش ومدخل سيارة
العلوية معها السطح...
الڤيلا مؤجرة بالكامل
حد ٣،٣٠٠،٠٠٠","قبل يومين"
"فيلا للبيع في شارع نجم الدين الأيوبي ، حي الربوة ، الرياض ، الرياض","1,000,000 ريال","7","4","452 م²","منزل دورين 
المساحة : ٤٥٢ متر
قدر الإيجار الحالي : ٤٧ألف 
الحد : مليون ريال من غير السعي .
مرمم ومجدد من الداخل  
بدهان جداريات 
و الأرضيات سيراميك
يوجد غرفة حارس تُفتح على الشارع
يوجد غرفة في آخر الحوش الجانبي
يوجد مستودع في الإرتداد الخلفي مُغطى بش...","قبل يوم"
"فيلا للبيع في شارع ثادق ، حي الزهراء ، الرياض ، الرياض","3,950,000 ريال","7","5","1580 م²","فلة كبيرة بحوش كبير وملاحق متعددة
الفلة بحالة جيدة
والموقع مناسب للاستثمار","قبل يوم"
"فيلا للبيع في طريق الملك فيصل ، حي الفوطة ، الرياض ، الرياض","5,000,000 ريال","1","1","617 م²","تفاصيل الفيلا
للبيع
إسم المشروع فيلا حي المربع
موقع العقار الرياض – حي المربع – بالقرب من شارع الملك فيصل
مساحة العقار 617.13 م 2","قبل يومين"
"فيلا للبيع في شارع عبدالله بن عبداللطيف آل الشيخ ، حي المربع ، الرياض ، الرياض","626,600 ريال","1","1","309 م²","العقار عبارة عن فيلا سكنية بحي المربع","قبل يومين"
